insert into AUTEUR (ID_AUTEUR, NOM_AUTEUR, PRENOM_AUTEUR) values (5, 'JNNPD37LHQG62XIYX7K3P8G4K0412L', 'WC5WEWRBIWHUUIH45QYLWS2BSNFBWW');

insert into AUTEUR (ID_AUTEUR, NOM_AUTEUR, PRENOM_AUTEUR) values (16, 'FDECM W133NCDPITNII0QWGWDVHOJV', '5DCQLW2SE6A8AXMWCD4UO5R9LNCY31');

insert into AUTEUR (ID_AUTEUR, NOM_AUTEUR, PRENOM_AUTEUR) values (15, ' 6E6SELGB24TJ1EFDSWJJXLYM9D7KP', ' 6W ARQ9BMOBB7M92Y48HGAXLOGK8J');

insert into AUTEUR (ID_AUTEUR, NOM_AUTEUR, PRENOM_AUTEUR) values (9, '46LA6 9WYWXL0CTQXQEY6FG7XMI4I4', 'GQCWBKY28CFW4049I9GRUN55QXWJNW');

insert into AUTEUR (ID_AUTEUR, NOM_AUTEUR, PRENOM_AUTEUR) values (1, 'BX24EQMUR15FEUYT54L7GBRIHOUJ0P', 'LI5CKD7VJAJUBSUQJUAG5JKLF9OWSU');

insert into AUTEUR (ID_AUTEUR, NOM_AUTEUR, PRENOM_AUTEUR) values (11, 'E MNOBNWPW673XGUY1EIMRYYG1W T1', '8UC474U78RXUP3E7AVKMOPS8BLADVE');

insert into AUTEUR (ID_AUTEUR, NOM_AUTEUR, PRENOM_AUTEUR) values (14, 'GLMQPP2KD8JGCB3B8 Q84OU09D89YX', '6 HXHHQLH7428S4RENAO1B62VK789U');

insert into AUTEUR (ID_AUTEUR, NOM_AUTEUR, PRENOM_AUTEUR) values (12, 'X8VDL7X5X4FJB0OKU5JJXVMQWA RJC', 'BM9R 3 98UETXDPVEA91CHDO4BB3B3');

insert into AUTEUR (ID_AUTEUR, NOM_AUTEUR, PRENOM_AUTEUR) values (10, 'K8X84E4VBEBV74NHAIAVOIU66N4L89', '3KXUFI6GR X7DMIE819PW9G3W9LKB8');

insert into AUTEUR (ID_AUTEUR, NOM_AUTEUR, PRENOM_AUTEUR) values (19, '6KAS8LAY4FVK4LQ0JUU22LFCCD34TK', '4PTSHGVF1LTDGFGAIUO7HJ 1GAYU2X');

insert into AUTEUR (ID_AUTEUR, NOM_AUTEUR, PRENOM_AUTEUR) values (3, 'FRPP 7IQA 6HXG65F5MH1PHBWOG7IR', 'G0K5UPWMF3UK78P6EWXVH7N7VUQAYI');

insert into AUTEUR (ID_AUTEUR, NOM_AUTEUR, PRENOM_AUTEUR) values (4, ' 5E JDNCTRB KGV F6O VYCQ36MX41', '5R7MW9LB8G3GTSWHBIFW D2OGNNSD6');

insert into AUTEUR (ID_AUTEUR, NOM_AUTEUR, PRENOM_AUTEUR) values (2, 'CQFH61TK SL7GXSRTIIP06CYJVO5MJ', '44W 3HW DOV6A4AGNW8 WFBHO4MUFN');

insert into AUTEUR (ID_AUTEUR, NOM_AUTEUR, PRENOM_AUTEUR) values (7, '79M1Y6AE4UIUXLKUTRIWJP748TGI72', 'HSORD2XKTAEAQV07ID3MAQLWI3YK6S');

insert into AUTEUR (ID_AUTEUR, NOM_AUTEUR, PRENOM_AUTEUR) values (13, 'FD1YSVBKGH057RYYNFXMHNH6HXK4TO', 'QNVS6BMTEEH1OCHE8G96DMX2B9X9CI');

insert into AUTEUR (ID_AUTEUR, NOM_AUTEUR, PRENOM_AUTEUR) values (6, '8O5MOGRMAPX6CYUKW6O7VA3UB77BAY', 'I0TSSC1WTALW74B58F4L93Q7BQC4XC');

insert into AUTEUR (ID_AUTEUR, NOM_AUTEUR, PRENOM_AUTEUR) values (0, 'EPNIJRPI4HJCCYL34X90JECIR61AL9', 'QOB5R74DDXCLFF44WNVQ4QIV11UMRT');

insert into AUTEUR (ID_AUTEUR, NOM_AUTEUR, PRENOM_AUTEUR) values (8, 'M20PA32TRARN8GALYNMG8G2 1NKWLF', 'OIKGM6OEYD02F 5TBXPYPF9OJ5RTYA');

insert into AUTEUR (ID_AUTEUR, NOM_AUTEUR, PRENOM_AUTEUR) values (17, 'JI6F UQECNW9BXP0MDH1YIXNVB Y4X', '523IPPT91NUVXCBJCIGX78 AY5SYWY');

insert into AUTEUR (ID_AUTEUR, NOM_AUTEUR, PRENOM_AUTEUR) values (18, '5G2KGU9J5HR3OQ WDEFU 1YMN  BXM', '801S6ISRSUR30AXPA4Q9CSFFQGM8JK');

insert into ADHERANT (ID_ADHERANT, NOM_COMPLET, DATE_NAISS, ADRESSE_ADHERANT, TEL_ADHERANT) values (2, 'PLBCWJPNIBWQBNO6MK4XP0H452MEAE6NCKDTF5Q3ROJOSTUDW3UL5OM21SL4UX38HWU5TJ', '1109-4-2', 'G59V  GSPUP23DJPMH8J9CYML8TV4W', 10);

insert into ADHERANT (ID_ADHERANT, NOM_COMPLET, DATE_NAISS, ADRESSE_ADHERANT, TEL_ADHERANT) values (16, 'RVBP6MRIBPMS80W6XBAQ5L1DSCEKWWHTDPYFI2C VBCR562DK 3U79MRAC90PIP364MDP9', '850-8-19', 'CJNGRISBARFDIQ7A6VBFBW5FM00GJO', 18);

insert into ADHERANT (ID_ADHERANT, NOM_COMPLET, DATE_NAISS, ADRESSE_ADHERANT, TEL_ADHERANT) values (4, 'AJAOFODJM2VYEW7KCEK26Y14MF6IFWQLQPGO7C656765SYAO0LJLRCQ1NDV GOELSBLOY0', '1600-2-17', '3XH 5 MNHY58YCQPSD0CTLSNEWMUHJ', 7);

insert into ADHERANT (ID_ADHERANT, NOM_COMPLET, DATE_NAISS, ADRESSE_ADHERANT, TEL_ADHERANT) values (6, 'J0 69JEJ1KE0D0FMI2ARCAQ2GQA1BERFGBT9DHU4WWKPSCKBPSHAHPIRW928BUE 8JKDGR', '1849-12-23', 'KMX8TX6M35THTCLC2HAPCLY953X6BR', 4);

insert into ADHERANT (ID_ADHERANT, NOM_COMPLET, DATE_NAISS, ADRESSE_ADHERANT, TEL_ADHERANT) values (11, 'X6M LOB6OM37B1I62KEDX1DM9YG8BJQBBGHKM7GQFJ4CER6BUD9Q PO0LU5IWMRFL2FA 4', '101-7-24', 'COGV56IRR8VX4P3BDI9C4I6P665FDP', 19);

insert into ADHERANT (ID_ADHERANT, NOM_COMPLET, DATE_NAISS, ADRESSE_ADHERANT, TEL_ADHERANT) values (13, '7HN0T6QL6AN6AKS1QOG V4XPWB81M6HGXSA11U5V89EJ 9JGN2MX5IUNXDMF2DHXJD5GPK', '1716-1-14', 'C4AQOGFCYDAE9AV83J7ROOM8DP5 AO', 3);

insert into ADHERANT (ID_ADHERANT, NOM_COMPLET, DATE_NAISS, ADRESSE_ADHERANT, TEL_ADHERANT) values (8, 'BJISDULQ5Y3VF1466SO3G8N20GPM 84UOF1U6CQT IAMNP7I3CTEQ0N2KLM1P07 OJA6O7', '1-1-1', '6W4DUKHQRLUSFNYDC0 9K2MB2C9N J', 0);

insert into ADHERANT (ID_ADHERANT, NOM_COMPLET, DATE_NAISS, ADRESSE_ADHERANT, TEL_ADHERANT) values (18, '1XJY43IAXM2LTNWATMQY8PHQG0 X2VACORY851PWH9RBJLLQPKU5IAQKV1ID18U0UFDO9V', '237-3-11', '3O12M2K2QEX6Y23OYQ1Y59G530T2YH', 11);

insert into ADHERANT (ID_ADHERANT, NOM_COMPLET, DATE_NAISS, ADRESSE_ADHERANT, TEL_ADHERANT) values (19, '608T3WCRP3 H9FES565MT60N4E UCJYXL0UNQ3U2TVWL6A0WSDW4VOFJWTYGL0DO39Q2D5', '995-12-2', '4O CVMK3TRW7UTO5WHYS7G5NYB68SL', 2);

insert into ADHERANT (ID_ADHERANT, NOM_COMPLET, DATE_NAISS, ADRESSE_ADHERANT, TEL_ADHERANT) values (10, 'LTG PT6X9U2TBCI H8KSQ0BGUR7CH0295R NSXSD1UP04CNSJX4DXXHHQT LLD6WGJMUWL', '530-12-30', '0CA0UAFNFP9NVGSE15T8FMGCAWD0A4', 17);

insert into ADHERANT (ID_ADHERANT, NOM_COMPLET, DATE_NAISS, ADRESSE_ADHERANT, TEL_ADHERANT) values (3, '9NNOYJ 03SXLW2YCM65LEMBIL LNMVDX3BLS KVFB1A5QOI 5G6HAODE5PXU5ORQBCWUCW', '1464-2-15', 'WV0KYNV9ATPTFTVUQGU0B2BB40TGYV', 14);

insert into ADHERANT (ID_ADHERANT, NOM_COMPLET, DATE_NAISS, ADRESSE_ADHERANT, TEL_ADHERANT) values (14, '0RP4 AVJ6LYAOVX3GAC9NYTD3LI5T3 SY30XV8J4SIMXSLM7OC2BC28QH4O 0IYW5NY25S', '332-3-23', '498T6WDI100QT5V3OE737GB2KK9QEQ', 13);

insert into ADHERANT (ID_ADHERANT, NOM_COMPLET, DATE_NAISS, ADRESSE_ADHERANT, TEL_ADHERANT) values (5, 'L3XX1CIA4G6W0OKY9PMPGIV7Q5H6HP528KASV3K72LQEHWICT7AQMIA9ONRQ6TSEVYGQ6W', '709-3-21', 'XVII5X52G30F5IMHEIQ3SKO0NMY8YD', 9);

insert into ADHERANT (ID_ADHERANT, NOM_COMPLET, DATE_NAISS, ADRESSE_ADHERANT, TEL_ADHERANT) values (1, 'WPO8CHTM2OCMYBBPRTB53OW00TG WT5Q6J4EMO4UOSL2J5CEXOKCPGVCCMYNBGLQ1M3C6T', '604-1-27', 'G0D64U5A1JGJ3SR5CMPQD0FKT4 6JR', 15);

insert into ADHERANT (ID_ADHERANT, NOM_COMPLET, DATE_NAISS, ADRESSE_ADHERANT, TEL_ADHERANT) values (0, 'P5TXX9YWQ706LOXV8OVAGTO7PMDV0GO8PL1LI0EFFDXX1HO14UA886VKKW3PUTTWS6UHYC', '1977-10-17', '0M51XHDTPF7WRNNST8YSMTGRV8URLC', 8);

insert into ADHERANT (ID_ADHERANT, NOM_COMPLET, DATE_NAISS, ADRESSE_ADHERANT, TEL_ADHERANT) values (17, 'QP88I3AN4OEMMX6JLDNN9XLTX5S7KSAAPCTY2GW3TD6EVMI1UYU1856CWEIFVYHO6CPJLA', '1329-8-14', '6AOG7A2FBMCPWRC6RCU2 496FTEO5F', 5);

insert into ADHERANT (ID_ADHERANT, NOM_COMPLET, DATE_NAISS, ADRESSE_ADHERANT, TEL_ADHERANT) values (15, 'U7TCKGXSWS13EB67F0I B0AX7PLIBTVFUBTSGXWOHC4XJMFU7ACM619ORAATRU1E4AMWCK', '1184-10-17', 'D8 0 EVOTP5PHOA90Q5OJUTOG6SAXF', 1);

insert into ADHERANT (ID_ADHERANT, NOM_COMPLET, DATE_NAISS, ADRESSE_ADHERANT, TEL_ADHERANT) values (9, 'R5RFKI5QVYNHJH7NLKRJBEG4EKT3TCDT0INS47O5H44S4GDKDEQ0WYKFRX78JX3E7QX7XX', '401-1-17', 'E8E  53OEC A2H4JTOR77RXNTB03TY', 16);

insert into ADHERANT (ID_ADHERANT, NOM_COMPLET, DATE_NAISS, ADRESSE_ADHERANT, TEL_ADHERANT) values (7, '9SY2YXDX C2F4BNY7 MGGCUHJ0UCW3F2O04IK92G4Y32JVHDFNWQ0R4YALAQHYXAJDKQ2S', '1109-4-2', 'PGSRV6HPQ36K5R0IHBGBWATIL4IP6V', 6);

insert into ADHERANT (ID_ADHERANT, NOM_COMPLET, DATE_NAISS, ADRESSE_ADHERANT, TEL_ADHERANT) values (12, 'KE2O6DF8I 28HFGMB6T1D NAI YXXATW9P88D5IEQ39VF7R64DT0RL14UC3AG7RKUT56DK', '850-8-19', '3SSJ076FHH30WB AJTQJDY0X6JES8E', 12);

insert into ADMIN_BIBLIO (LOGIN_AD, PASSWORD_AD, NOM_AD, PRENOM_AD, DATE_NAISSANCE_AD) values ('OS5RFOJO', 'YCQSBUNX', '1WJ0QCHFEJAGX5X 2GCC272BJC WYQ', 'VRMVETJ864UQC3H6CA75QTUX370T U', '1301-9-25');

insert into ADMIN_BIBLIO (LOGIN_AD, PASSWORD_AD, NOM_AD, PRENOM_AD, DATE_NAISSANCE_AD) values ('SHUPC2CG', '2X6RVLTJ', 'M4XJ Q1F9VD0G65BLXUXA790 B6UGJ', '2RPRNCJM81JPM8BD436UJA8NHMEI6M', '651-7-5');

insert into ADMIN_BIBLIO (LOGIN_AD, PASSWORD_AD, NOM_AD, PRENOM_AD, DATE_NAISSANCE_AD) values ('T37NBP93', 'VOROFBJY', 'C96W JD8AC0HN3JUI5166KSSL0IUMK', '7HDUS0JALWJV84MXA2Y3874BXQF4JT', '489-11-27');

insert into ADMIN_BIBLIO (LOGIN_AD, PASSWORD_AD, NOM_AD, PRENOM_AD, DATE_NAISSANCE_AD) values ('0HUJ3D 2', 'N1WVN6VP', 'CDMJAOYJBWGL9VMLAFU8KYH9V4U44C', 'PK8XKN9MS14KNFM256H1Y474Q5WULH', '1023-10-13');

insert into ADMIN_BIBLIO (LOGIN_AD, PASSWORD_AD, NOM_AD, PRENOM_AD, DATE_NAISSANCE_AD) values ('YVEKHMYS', ' 7XYDPXP', 'QFALHG3C3VWC5OD C N2DDH9XVICSJ', 'C4WQBN98QC4L4GD9IHDWOY XV1WODJ', '1371-12-7');

insert into ADMIN_BIBLIO (LOGIN_AD, PASSWORD_AD, NOM_AD, PRENOM_AD, DATE_NAISSANCE_AD) values ('190HC9W ', 'O49SH6  ', 'EQR6ABNS919A4BK5BI3V9I6LHA7369', '1KT1EFW3W P GNHYJ39YN8GJCIANJR', '383-5-31');

insert into ADMIN_BIBLIO (LOGIN_AD, PASSWORD_AD, NOM_AD, PRENOM_AD, DATE_NAISSANCE_AD) values (' SK33VU7', '6NSJRNEW', '5JS26TE1HYJ GMRGU8X3NEXWXY7L8 ', '1LU1SY9Q0E96FHPCII4PE0OQVL9U3O', '1425-12-29');

insert into ADMIN_BIBLIO (LOGIN_AD, PASSWORD_AD, NOM_AD, PRENOM_AD, DATE_NAISSANCE_AD) values ('LEDYCFJS', 'XA671LM0', 'BS110TM3IOTCS0V 7FMB3IP XK17VS', '6VUC5973EFT1FDYF0V9QN0CPF29EDP', '884-4-4');

insert into ADMIN_BIBLIO (LOGIN_AD, PASSWORD_AD, NOM_AD, PRENOM_AD, DATE_NAISSANCE_AD) values ('DMWWXNF7', 'F9D19CRW', 'N 4J5P73QRONEQB3IALCI06G32SX18', 'W5P1D3OTUSY7DF23DFSNYDQWNDHD41', '84-1-25');

insert into ADMIN_BIBLIO (LOGIN_AD, PASSWORD_AD, NOM_AD, PRENOM_AD, DATE_NAISSANCE_AD) values ('NRVQQ8G9', 'H1FUERW0', 'QRYNGED65EIC1A9XY7N87QY1MN6KDJ', 'Q4TUAO2114 0UTJ4TSDAWSVPROS5VY', '769-4-1');

insert into ADMIN_BIBLIO (LOGIN_AD, PASSWORD_AD, NOM_AD, PRENOM_AD, DATE_NAISSANCE_AD) values ('VFH2L8M7', 'OSWSOOOC', '5JH8HYOX049FX XV8CC8H61TDFYAVM', 'OG1FWIN2EFIODLVXSLC3A2FMFM99C3', '1735-8-20');

insert into ADMIN_BIBLIO (LOGIN_AD, PASSWORD_AD, NOM_AD, PRENOM_AD, DATE_NAISSANCE_AD) values ('63L2NIUQ', 'PO2YR40G', 'I0VR2AJP50RD8K2910K4VOOL7O64PY', 'SI7TSRIWGNHWLD74AT5HF24NYMDDSL', '197-1-10');

insert into ADMIN_BIBLIO (LOGIN_AD, PASSWORD_AD, NOM_AD, PRENOM_AD, DATE_NAISSANCE_AD) values ('W49LFE65', 'O8FJQO8O', '3SAIQEM7PNK7V97VRG2G0HNX3KPAKA', 'GNEBXV8VRMPMYAW5JWCYBHWEN0YYF4', '1109-3-6');

insert into ADMIN_BIBLIO (LOGIN_AD, PASSWORD_AD, NOM_AD, PRENOM_AD, DATE_NAISSANCE_AD) values ('WL3RAY6I', 'IMLQQ2IL', 'NY77QUEV20J1WLFGFNOH45QPJ0224W', 'NY1QRSH0Q5RFHXA9JA1LSHD5EYJ3PL', '272-5-29');

insert into ADMIN_BIBLIO (LOGIN_AD, PASSWORD_AD, NOM_AD, PRENOM_AD, DATE_NAISSANCE_AD) values ('QLGNINHF', 'D ATJOYG', 'O633N5 ADUQ7FNHL7 O48MWPPBBN4U', 'P2VCWET5KWSDNJ9I22XTDV248 T5YL', '1-1-1');

insert into ADMIN_BIBLIO (LOGIN_AD, PASSWORD_AD, NOM_AD, PRENOM_AD, DATE_NAISSANCE_AD) values ('IW0LRP68', 'C4 AA852', 'Y HJAKY5SEE918V2BAL WF7IEPNR8S', 'IRQF356XVHOCID4AS20YPIIGRGHTO5', '1606-1-4');

insert into ADMIN_BIBLIO (LOGIN_AD, PASSWORD_AD, NOM_AD, PRENOM_AD, DATE_NAISSANCE_AD) values ('KJ8W6949', 'S0MWLEPO', 'O4D0I326LLM76HH4BDPTLV3HJW2LFB', '3C7E3HE0ALSCMHWOGBGU7S1XK7Q26U', '1236-12-23');

insert into ADMIN_BIBLIO (LOGIN_AD, PASSWORD_AD, NOM_AD, PRENOM_AD, DATE_NAISSANCE_AD) values ('E8HE35E0', '0P9F6F1U', 'P9L9FR Y21YVB07H429T3AL38NC9LP', 'A3PJFFHQ3RGVNP UFJ0XSOJMQ50OI4', '1481-11-16');

insert into ADMIN_BIBLIO (LOGIN_AD, PASSWORD_AD, NOM_AD, PRENOM_AD, DATE_NAISSANCE_AD) values ('HWOHFL6L', ' H0RUSTX', 'ROQ0LCMTBFMLOUR90QTI56H7AIM3ST', '7T28B6IO79V2B0N V3U6PXR5FNKD78', '602-5-19');

insert into ADMIN_BIBLIO (LOGIN_AD, PASSWORD_AD, NOM_AD, PRENOM_AD, DATE_NAISSANCE_AD) values ('BY548T8P', '0QDHEPFN', 'EFJP0VRK6L9YPCBO6JDHS80QB05Q1T', 'IH 6BC4F38SPGO9G5PAK9KUT4MNJ43', '1667-8-29');

insert into LIVRE (ISBN, TITRE_LIVRE, NOM_AUTEUR, LANGUE_LIVRE, NBRE_EXPLAIRE_LIVRE) values (18, 'DCL8WM214MWGVNTUAHD8JMV2VANMEJ', 'BX24EQMUR15FEUYT54L7GBRIHOUJ0P', 'MIBDB1Y14IRH5SSYN1YLXASXYP P8S', 5);

insert into LIVRE (ISBN, TITRE_LIVRE, NOM_AUTEUR, LANGUE_LIVRE, NBRE_EXPLAIRE_LIVRE) values (5, 'KRWL2LCWT736MJPGU15G2E1MWM5302', '6KAS8LAY4FVK4LQ0JUU22LFCCD34TK', 'SDB1ANG2LQ4DFKKG5KT1NLOCWHETKY', 8);

insert into LIVRE (ISBN, TITRE_LIVRE, NOM_AUTEUR, LANGUE_LIVRE, NBRE_EXPLAIRE_LIVRE) values (12, 'ATAUK5DX74I0SK4 4LFKQGDKAW98TF', 'FD1YSVBKGH057RYYNFXMHNH6HXK4TO', '60DAV7J YE2CRH2NRAD32FFR0N8SU ', 9);

insert into LIVRE (ISBN, TITRE_LIVRE, NOM_AUTEUR, LANGUE_LIVRE, NBRE_EXPLAIRE_LIVRE) values (3, 'KMDOBXYY6DEC3FV8VFPNF0GL5YF7ST', 'FD1YSVBKGH057RYYNFXMHNH6HXK4TO', 'LYA62IGO7L32DEFYQ1T8RFCFWH B1V', 2);

insert into LIVRE (ISBN, TITRE_LIVRE, NOM_AUTEUR, LANGUE_LIVRE, NBRE_EXPLAIRE_LIVRE) values (15, 'M29HGJIFBEWQGAXBJ3ENNKCCM6QW9R', 'K8X84E4VBEBV74NHAIAVOIU66N4L89', 'IC9OJWQECBM4K4UG F1JHG WG H63Q', 0);

insert into LIVRE (ISBN, TITRE_LIVRE, NOM_AUTEUR, LANGUE_LIVRE, NBRE_EXPLAIRE_LIVRE) values (0, 'T55XT180QOETN391BCUFEDQB6DG08I', 'E MNOBNWPW673XGUY1EIMRYYG1W T1', '8FJWHTLEIEI4K1H8 D27 LIUNQ5W  ', 10);

insert into LIVRE (ISBN, TITRE_LIVRE, NOM_AUTEUR, LANGUE_LIVRE, NBRE_EXPLAIRE_LIVRE) values (9, 'QX7GUY GYBXCOGX56T4 TKVLLFJIW7', 'FDECM W133NCDPITNII0QWGWDVHOJV', 'XO69S42AV232E2RBXNI2YPRP5KBXRD', 3);

insert into LIVRE (ISBN, TITRE_LIVRE, NOM_AUTEUR, LANGUE_LIVRE, NBRE_EXPLAIRE_LIVRE) values (11, 'KM3DSHSP3TSO4JCCO6AKGCKM9Y4EM8', '46LA6 9WYWXL0CTQXQEY6FG7XMI4I4', 'WBVBDAYCS78CXNUXYTTJUT6RG7V1IE', 1);

insert into LIVRE (ISBN, TITRE_LIVRE, NOM_AUTEUR, LANGUE_LIVRE, NBRE_EXPLAIRE_LIVRE) values (14, '4OTUXC G429HCLDNSS3X H3XKGXA7S', 'FD1YSVBKGH057RYYNFXMHNH6HXK4TO', 'VS5BHQSVR2XUATS5R4K8EC21JJL1C ', 4);

insert into LIVRE (ISBN, TITRE_LIVRE, NOM_AUTEUR, LANGUE_LIVRE, NBRE_EXPLAIRE_LIVRE) values (10, '5IELDJKB641 0OC7NB9RD5GQ19UJL4', '46LA6 9WYWXL0CTQXQEY6FG7XMI4I4', 'APQW2FMRK4JJWPJLI9GW1NJ LIF2D ', 12);

insert into LIVRE (ISBN, TITRE_LIVRE, NOM_AUTEUR, LANGUE_LIVRE, NBRE_EXPLAIRE_LIVRE) values (17, 'KBT27NQD78XXMW3GPLLI6AI4N6R77M', 'JNNPD37LHQG62XIYX7K3P8G4K0412L', 'L2F95R202B70K73IIV4N4GIXBE5LLA', 7);

insert into LIVRE (ISBN, TITRE_LIVRE, NOM_AUTEUR, LANGUE_LIVRE, NBRE_EXPLAIRE_LIVRE) values (13, 'UF8TPEH020WTTP18VA5VTW2EEUD063', 'FD1YSVBKGH057RYYNFXMHNH6HXK4TO', 'UPVOY UN8M3OER7K6W BHO5GLHX9TJ', 14);

insert into LIVRE (ISBN, TITRE_LIVRE, NOM_AUTEUR, LANGUE_LIVRE, NBRE_EXPLAIRE_LIVRE) values (16, ' CTC1LHFOUSWMDXDE0RIVX5W0DKCAF', ' 6E6SELGB24TJ1EFDSWJJXLYM9D7KP', 'WGUD2KNI4AW8XF1O0I9HF4S214WA8N', 11);

insert into LIVRE (ISBN, TITRE_LIVRE, NOM_AUTEUR, LANGUE_LIVRE, NBRE_EXPLAIRE_LIVRE) values (2, 'D652YCPKTRH31IRGRWNEWBDF XDRCO', 'CQFH61TK SL7GXSRTIIP06CYJVO5MJ', 'LAOS7OHSAOE9X3IPKN61IT6K2R13SE', 18);

insert into LIVRE (ISBN, TITRE_LIVRE, NOM_AUTEUR, LANGUE_LIVRE, NBRE_EXPLAIRE_LIVRE) values (6, 'VIYGG P8J6EGKI46 NF24HE5447KGP', 'FD1YSVBKGH057RYYNFXMHNH6HXK4TO', '1FTQ7J6B5QRHLL5DQIY51JFNXTS2A7', 6);

insert into LIVRE (ISBN, TITRE_LIVRE, NOM_AUTEUR, LANGUE_LIVRE, NBRE_EXPLAIRE_LIVRE) values (1, 'EVGCM3I23W415SQTG9IIGX7RD1 DXE', 'CQFH61TK SL7GXSRTIIP06CYJVO5MJ', 'E73TXMVDBB3G24851YI3M4Y2POT9NR', 17);

insert into LIVRE (ISBN, TITRE_LIVRE, NOM_AUTEUR, LANGUE_LIVRE, NBRE_EXPLAIRE_LIVRE) values (4, 'ADIUOLCJBJXVKTVBNEUW64T7VMCT1J', '6KAS8LAY4FVK4LQ0JUU22LFCCD34TK', 'CS7I64R9Q0NFGVD5WY7XTOL3XQE5E6', 19);

insert into LIVRE (ISBN, TITRE_LIVRE, NOM_AUTEUR, LANGUE_LIVRE, NBRE_EXPLAIRE_LIVRE) values (8, 'WIG7GEV3748CO1MQKUBYXRGRNGUKDU', 'K8X84E4VBEBV74NHAIAVOIU66N4L89', 'GFQHW4RBJJ1HJNC3NOCUGUY760D8 A', 13);

insert into LIVRE (ISBN, TITRE_LIVRE, NOM_AUTEUR, LANGUE_LIVRE, NBRE_EXPLAIRE_LIVRE) values (7, ' X6450WROFHS5LS3AKLNBKRQ9L ET6', 'FD1YSVBKGH057RYYNFXMHNH6HXK4TO', '6K7II923DB9SN01UQMVOG8U0RYJERJ', 15);

insert into LIVRE (ISBN, TITRE_LIVRE, NOM_AUTEUR, LANGUE_LIVRE, NBRE_EXPLAIRE_LIVRE) values (19, 'WNBKFT RRLU2PWV9FNJURT7CBTOE24', 'FDECM W133NCDPITNII0QWGWDVHOJV', 'C3O6I2U25A0565F6G3VHDD3CGQ4ICC', 16);

insert into EMPRUNT (ID_EMPRUNT, TITRE_LIVRE, NOM_COMPLET, LOGIN_AD, ADH_NOM_COMPLET, DATE_DEBUT, DATE_FIN, NBRE_EMPRUNT) values (3, 'KRWL2LCWT736MJPGU15G2E1MWM5302', '6U95A7OD2SHIK2G3Q YFF WQKA19HCLAA1O1QM9X3KPGMJTVOOG5XEK3 IDRTY4QN4PGPN', 'E8HE35E0', 'X6M LOB6OM37B1I62KEDX1DM9YG8BJQBBGHKM7GQFJ4CER6BUD9Q PO0LU5IWMRFL2FA 4', '650-7-10', '501-6-4', 17);

insert into EMPRUNT (ID_EMPRUNT, TITRE_LIVRE, NOM_COMPLET, LOGIN_AD, ADH_NOM_COMPLET, DATE_DEBUT, DATE_FIN, NBRE_EMPRUNT) values (4, ' CTC1LHFOUSWMDXDE0RIVX5W0DKCAF', '1TPEP08BDY4CNL2K6W 9R759U1U3NFY795X96U0GCMGMYRUHNXNFDCF3QE8D1SDRAOU7NX', ' SK33VU7', 'WPO8CHTM2OCMYBBPRTB53OW00TG WT5Q6J4EMO4UOSL2J5CEXOKCPGVCCMYNBGLQ1M3C6T', '979-3-18', '253-12-13', 3);

insert into EMPRUNT (ID_EMPRUNT, TITRE_LIVRE, NOM_COMPLET, LOGIN_AD, ADH_NOM_COMPLET, DATE_DEBUT, DATE_FIN, NBRE_EMPRUNT) values (2, ' CTC1LHFOUSWMDXDE0RIVX5W0DKCAF', 'CUIHRF9B28BNOLXY99T0I97N 8K1FMVHRNN8C2YOFSTA 1VOE0OJOHE51TDVKE7XIE3VPF', ' SK33VU7', 'LTG PT6X9U2TBCI H8KSQ0BGUR7CH0295R NSXSD1UP04CNSJX4DXXHHQT LLD6WGJMUWL', '1451-11-22', '1-1-1', 13);

insert into EMPRUNT (ID_EMPRUNT, TITRE_LIVRE, NOM_COMPLET, LOGIN_AD, ADH_NOM_COMPLET, DATE_DEBUT, DATE_FIN, NBRE_EMPRUNT) values (5, 'D652YCPKTRH31IRGRWNEWBDF XDRCO', 'P82UBNNQB6A1W8QTWN2D2KS94FALG F289OY2QYYDO 1P6EEFDY5T48FCQV208KO408NCL', '190HC9W ', '9SY2YXDX C2F4BNY7 MGGCUHJ0UCW3F2O04IK92G4Y32JVHDFNWQ0R4YALAQHYXAJDKQ2S', '1059-5-29', '1763-8-2', 11);

insert into EMPRUNT (ID_EMPRUNT, TITRE_LIVRE, NOM_COMPLET, LOGIN_AD, ADH_NOM_COMPLET, DATE_DEBUT, DATE_FIN, NBRE_EMPRUNT) values (12, 'EVGCM3I23W415SQTG9IIGX7RD1 DXE', 'K1F33Y5XRCATV6ACIHI1UTH7OGIM8XWE1HI6RYSJAQWGYQR0H0NAXD7E8ODY0W1XGYKXGV', 'HWOHFL6L', 'J0 69JEJ1KE0D0FMI2ARCAQ2GQA1BERFGBT9DHU4WWKPSCKBPSHAHPIRW928BUE 8JKDGR', '858-2-27', '1887-12-27', 7);

insert into EMPRUNT (ID_EMPRUNT, TITRE_LIVRE, NOM_COMPLET, LOGIN_AD, ADH_NOM_COMPLET, DATE_DEBUT, DATE_FIN, NBRE_EMPRUNT) values (7, 'KBT27NQD78XXMW3GPLLI6AI4N6R77M', 'CYIKC6UCBW5OIG9G5YIA3GT9T53G6QGYCFIBCJRUV VJX 2TM4XTSDPN2VV582EXJB877S', 'YVEKHMYS', 'U7TCKGXSWS13EB67F0I B0AX7PLIBTVFUBTSGXWOHC4XJMFU7ACM619ORAATRU1E4AMWCK', '92-1-19', '1381-7-6', 18);

insert into EMPRUNT (ID_EMPRUNT, TITRE_LIVRE, NOM_COMPLET, LOGIN_AD, ADH_NOM_COMPLET, DATE_DEBUT, DATE_FIN, NBRE_EMPRUNT) values (10, 'ATAUK5DX74I0SK4 4LFKQGDKAW98TF', 'ADFEDJ4VB7M7YG3HTONIEJSW3JF9XL0IT3AFPR0DT5OPVCUEVN71W6SXFXHVJRRW18S3C ', 'QLGNINHF', '9SY2YXDX C2F4BNY7 MGGCUHJ0UCW3F2O04IK92G4Y32JVHDFNWQ0R4YALAQHYXAJDKQ2S', '1206-8-14', '130-6-5', 4);

insert into EMPRUNT (ID_EMPRUNT, TITRE_LIVRE, NOM_COMPLET, LOGIN_AD, ADH_NOM_COMPLET, DATE_DEBUT, DATE_FIN, NBRE_EMPRUNT) values (13, 'DCL8WM214MWGVNTUAHD8JMV2VANMEJ', 'JYNTTV6UL44DWHNRSP30YKTEHI9J60X3MUXX124G JGW31YY5E5KKPWJYXEGO6NOD9UGK ', 'KJ8W6949', 'PLBCWJPNIBWQBNO6MK4XP0H452MEAE6NCKDTF5Q3ROJOSTUDW3UL5OM21SL4UX38HWU5TJ', '1402-4-11', '383-2-22', 0);

insert into EMPRUNT (ID_EMPRUNT, TITRE_LIVRE, NOM_COMPLET, LOGIN_AD, ADH_NOM_COMPLET, DATE_DEBUT, DATE_FIN, NBRE_EMPRUNT) values (9, 'DCL8WM214MWGVNTUAHD8JMV2VANMEJ', '5AXD0P0PFJUC24Q6545LM1DD1X FQJCMHVVK2OLHT9GV34FDPUSGXF VBVVUPKAJNJ P2W', '63L2NIUQ', '9SY2YXDX C2F4BNY7 MGGCUHJ0UCW3F2O04IK92G4Y32JVHDFNWQ0R4YALAQHYXAJDKQ2S', '187-2-18', '616-11-29', 10);

insert into EMPRUNT (ID_EMPRUNT, TITRE_LIVRE, NOM_COMPLET, LOGIN_AD, ADH_NOM_COMPLET, DATE_DEBUT, DATE_FIN, NBRE_EMPRUNT) values (1, 'WIG7GEV3748CO1MQKUBYXRGRNGUKDU', 'CM6PHCYDSUG6VMURNUUOU33NJVJ3K5DT8XNUGFPODV8 U2QSRJE7GJ 3R WRULP32T715H', 'DMWWXNF7', 'WPO8CHTM2OCMYBBPRTB53OW00TG WT5Q6J4EMO4UOSL2J5CEXOKCPGVCCMYNBGLQ1M3C6T', '1-1-1', '739-8-27', 15);

insert into EMPRUNT (ID_EMPRUNT, TITRE_LIVRE, NOM_COMPLET, LOGIN_AD, ADH_NOM_COMPLET, DATE_DEBUT, DATE_FIN, NBRE_EMPRUNT) values (8, 'UF8TPEH020WTTP18VA5VTW2EEUD063', 'UML573LM08G3X3MADTQGVXI4 25XAPP5B9PJ7KS4R21RBUN8EXJ4TWDT83O5 O2V82BC7G', '0HUJ3D 2', 'R5RFKI5QVYNHJH7NLKRJBEG4EKT3TCDT0INS47O5H44S4GDKDEQ0WYKFRX78JX3E7QX7XX', '539-10-14', '1153-8-27', 8);

insert into EMPRUNT (ID_EMPRUNT, TITRE_LIVRE, NOM_COMPLET, LOGIN_AD, ADH_NOM_COMPLET, DATE_DEBUT, DATE_FIN, NBRE_EMPRUNT) values (19, ' X6450WROFHS5LS3AKLNBKRQ9L ET6', 'O M3U7CORQ HK9POMVULQBOKLLVWHO7Y9R9P8S9WEX0XWY5010ATQ1T7HBIDTGDEE0MK4 ', '63L2NIUQ', 'L3XX1CIA4G6W0OKY9PMPGIV7Q5H6HP528KASV3K72LQEHWICT7AQMIA9ONRQ6TSEVYGQ6W', '440-2-19', '1273-3-10', 5);

insert into EMPRUNT (ID_EMPRUNT, TITRE_LIVRE, NOM_COMPLET, LOGIN_AD, ADH_NOM_COMPLET, DATE_DEBUT, DATE_FIN, NBRE_EMPRUNT) values (0, 'WIG7GEV3748CO1MQKUBYXRGRNGUKDU', 'GGXA6WSFKXPVK7U3LVSA4O0Q8EJ51741G0F5269H SMMJ6P X3V8Y4330BA9636VQMB0FO', 'YVEKHMYS', '9NNOYJ 03SXLW2YCM65LEMBIL LNMVDX3BLS KVFB1A5QOI 5G6HAODE5PXU5ORQBCWUCW', '715-2-2', '555-2-23', 14);

insert into EMPRUNT (ID_EMPRUNT, TITRE_LIVRE, NOM_COMPLET, LOGIN_AD, ADH_NOM_COMPLET, DATE_DEBUT, DATE_FIN, NBRE_EMPRUNT) values (11, 'DCL8WM214MWGVNTUAHD8JMV2VANMEJ', '1TI12UHHRLB53FR11VCYIV6 LDY84OS4TM0LO65B5Y5H0LF3M6TOLG0RQFRA9KJUT6URB7', 'LEDYCFJS', 'R5RFKI5QVYNHJH7NLKRJBEG4EKT3TCDT0INS47O5H44S4GDKDEQ0WYKFRX78JX3E7QX7XX', '1556-5-17', '873-5-3', 12);

insert into EMPRUNT (ID_EMPRUNT, TITRE_LIVRE, NOM_COMPLET, LOGIN_AD, ADH_NOM_COMPLET, DATE_DEBUT, DATE_FIN, NBRE_EMPRUNT) values (18, 'ATAUK5DX74I0SK4 4LFKQGDKAW98TF', 'SC  G84NKUWQMB1E5TSHDY7GRPBGLFELKCLXYA7SNB36OEHDT29C1COK7A01J1XL05LQRR', 'YVEKHMYS', 'L3XX1CIA4G6W0OKY9PMPGIV7Q5H6HP528KASV3K72LQEHWICT7AQMIA9ONRQ6TSEVYGQ6W', '1614-12-24', '1473-4-1', 6);

insert into EMPRUNT (ID_EMPRUNT, TITRE_LIVRE, NOM_COMPLET, LOGIN_AD, ADH_NOM_COMPLET, DATE_DEBUT, DATE_FIN, NBRE_EMPRUNT) values (17, 'UF8TPEH020WTTP18VA5VTW2EEUD063', 'SEQCQTVC8S3V6OVCP8FMSWDN46DY4UFIW9BAYAJE7O9PY19RRX7UNP6I2T 2EHJ6MS4K3W', 'SHUPC2CG', 'BJISDULQ5Y3VF1466SO3G8N20GPM 84UOF1U6CQT IAMNP7I3CTEQ0N2KLM1P07 OJA6O7', '772-10-28', '1688-11-12', 1);

insert into EMPRUNT (ID_EMPRUNT, TITRE_LIVRE, NOM_COMPLET, LOGIN_AD, ADH_NOM_COMPLET, DATE_DEBUT, DATE_FIN, NBRE_EMPRUNT) values (6, 'UF8TPEH020WTTP18VA5VTW2EEUD063', 'CNCD0Q3X3SUK0DSTYV0UQVQ9SKFK6EKQEKAFIBOUODLL6WI70NOVCCXSSEFYU2XY5FFH18', 'SHUPC2CG', '9NNOYJ 03SXLW2YCM65LEMBIL LNMVDX3BLS KVFB1A5QOI 5G6HAODE5PXU5ORQBCWUCW', '1751-10-29', '788-9-1', 9);

insert into EMPRUNT (ID_EMPRUNT, TITRE_LIVRE, NOM_COMPLET, LOGIN_AD, ADH_NOM_COMPLET, DATE_DEBUT, DATE_FIN, NBRE_EMPRUNT) values (16, '4OTUXC G429HCLDNSS3X H3XKGXA7S', 'L PC D5OMJDPJ 9NJ50CT4I1DAGSBIM27JK98FA84R1L9KXGTHWAGOYJW7JEBTY59Q3RKD', 'KJ8W6949', '9NNOYJ 03SXLW2YCM65LEMBIL LNMVDX3BLS KVFB1A5QOI 5G6HAODE5PXU5ORQBCWUCW', '1351-8-2', '1615-1-27', 16);

insert into EMPRUNT (ID_EMPRUNT, TITRE_LIVRE, NOM_COMPLET, LOGIN_AD, ADH_NOM_COMPLET, DATE_DEBUT, DATE_FIN, NBRE_EMPRUNT) values (15, ' X6450WROFHS5LS3AKLNBKRQ9L ET6', 'H5R9 DAYCID2N0JPAY UCJRHMHRRHRHEI4Q6L2SO9HJBSCFOY EKAMEYAHIFJHTYVLEOCW', 'IW0LRP68', '0RP4 AVJ6LYAOVX3GAC9NYTD3LI5T3 SY30XV8J4SIMXSLM7OC2BC28QH4O 0IYW5NY25S', '1825-1-26', '1011-10-23', 19);

insert into EMPRUNT (ID_EMPRUNT, TITRE_LIVRE, NOM_COMPLET, LOGIN_AD, ADH_NOM_COMPLET, DATE_DEBUT, DATE_FIN, NBRE_EMPRUNT) values (14, 'QX7GUY GYBXCOGX56T4 TKVLLFJIW7', '5O77NQ18KB9Q3K9FR8M2Q92PCLBV1RVO5AWUKHRJ N64DIBF1GNGP7DB4G7C9YBR5V8SKY', 'LEDYCFJS', '1XJY43IAXM2LTNWATMQY8PHQG0 X2VACORY851PWH9RBJLLQPKU5IAQKV1ID18U0UFDO9V', '316-1-15', '433-8-7', 2);

