insert into AUTEUR (ID_AUTEUR, NOM_AUTEUR, PRENOM_AUTEUR) values (9, '4GH3KID KHVYDFQJ OLR9ACHYM7OK5', 'OAE47NH7FAYAOECSOA2MCRWNQHDFI2');

insert into AUTEUR (ID_AUTEUR, NOM_AUTEUR, PRENOM_AUTEUR) values (3, 'H06PN OC0K44Q6HLUM1R 3KBKYK MJ', 'UBMIDN2637AW1Q0Q1IX46J8YY1CCYW');

insert into AUTEUR (ID_AUTEUR, NOM_AUTEUR, PRENOM_AUTEUR) values (8, 'LG17UAIVG15BT9VU0YLHQXPX8VHR57', 'UFWCQ83HFXLL7VOQW0M308EY9KNI18');

insert into AUTEUR (ID_AUTEUR, NOM_AUTEUR, PRENOM_AUTEUR) values (19, '78C8M31YXMJWF36N2N2PVT894A UQ4', 'HT94P76ONR6CEC4EA7PGHFXKDU3P6R');

insert into AUTEUR (ID_AUTEUR, NOM_AUTEUR, PRENOM_AUTEUR) values (18, 'IALEUBBX96ADLGBJ IEN5NEVOBMBNM', 'B0F2XDIX35Y06TJJP8SXY8PU0N9TYY');

insert into AUTEUR (ID_AUTEUR, NOM_AUTEUR, PRENOM_AUTEUR) values (6, 'QDSQU9PF8FGVAQRQ6LWO 3GJA3ASUB', 'OHIQC8VRNS1566LKWLG1G6RSEXOURX');

insert into AUTEUR (ID_AUTEUR, NOM_AUTEUR, PRENOM_AUTEUR) values (13, 'CGBS6630YD4II7B2GJTSBQ5XS4Q08E', 'W1Q3W69GD98P79BI51PKW66RNJ6WO5');

insert into AUTEUR (ID_AUTEUR, NOM_AUTEUR, PRENOM_AUTEUR) values (7, 'YQVQP495BT6QMLNH760ANFLJTOCDAX', '1PQFJ8FO77G7RWMR6L9PF R6KPXAG2');

insert into AUTEUR (ID_AUTEUR, NOM_AUTEUR, PRENOM_AUTEUR) values (2, 'H7V D3VG6ANRU02OXM0DIBLC7F6VWX', 'JO80M0JQOVO2PWKOXXG1NY03BPUGF ');

insert into AUTEUR (ID_AUTEUR, NOM_AUTEUR, PRENOM_AUTEUR) values (4, '4DXQ54BTHT00204E88H56T6SETC1AS', 'E5D7F1ANW7PJFX4BHYG2IS93T35CRO');

insert into AUTEUR (ID_AUTEUR, NOM_AUTEUR, PRENOM_AUTEUR) values (14, 'ANEX5CW439W89E2WVNJ0TXXJ3TKIHH', 'D HL280ANIO0LQ0P3CBB2GRQ80TK5U');

insert into AUTEUR (ID_AUTEUR, NOM_AUTEUR, PRENOM_AUTEUR) values (10, 'RIR63O48HROM2NR8G4L3GJ5KDUJKNI', '46QRW4S68IMEJU4EVJ4ATK1965CM2 ');

insert into AUTEUR (ID_AUTEUR, NOM_AUTEUR, PRENOM_AUTEUR) values (0, 'P6LGU6WKGMIE5T24K BT4RWCRADIHY', 'WNTIJJ41T7R09AWSF0KBG1RRS1UNCJ');

insert into AUTEUR (ID_AUTEUR, NOM_AUTEUR, PRENOM_AUTEUR) values (5, 'JK369TTBKL9 1JM1NHL3D3VLUPQ4QW', 'YPNTJ6KJNQN6M0Q I50SWV5DXLNDT5');

insert into AUTEUR (ID_AUTEUR, NOM_AUTEUR, PRENOM_AUTEUR) values (11, 'OEHFE1A3PAQX3PX7UO5XH2G817GMA7', 'HJVG4KASQ5F528JER1DOG2V9A8C2VQ');

insert into AUTEUR (ID_AUTEUR, NOM_AUTEUR, PRENOM_AUTEUR) values (1, 'JR 6BBWXW8YC  HRP2O38JG0VGP0FE', 'OHK 7XEN70OM3XUJNVG2CMILJG1816');

insert into AUTEUR (ID_AUTEUR, NOM_AUTEUR, PRENOM_AUTEUR) values (17, 'R7JUIB92YUNEVORUXH7E0WT0KB7V0G', 'WYL8O88ECDINEBP5I8IWO9WPH3VVN8');

insert into AUTEUR (ID_AUTEUR, NOM_AUTEUR, PRENOM_AUTEUR) values (12, 'ACQHMIM9E4FTEHO4U7SBSFEGBDJLX9', 'RGC4 JFAFYPWFXQKFQGV 0FS1KIAM6');

insert into AUTEUR (ID_AUTEUR, NOM_AUTEUR, PRENOM_AUTEUR) values (15, '3P23FA9078X 7MXD609PLMWXTXWC5O', '68L6TRY2B0J4Q4RBX D6G0 LFFSI72');

insert into AUTEUR (ID_AUTEUR, NOM_AUTEUR, PRENOM_AUTEUR) values (16, 'YCTMWBGQIGSGS5NW9VE274WRRPO0E4', 'N1B2A2NQL7BNC2PEBDBTBCAF4IF9H5');

insert into ADHERANT (ID_ADHERANT, NOM_ADHERANT, PRENOM_ADHERANT, ATE_NAISS_ADHERANT, ADRESSE_ADHERANT, TEL_ADHERANT) values (5, 'HOD9RPXORGPB3A7PJ1CRDVL158288K', '  PY2ICW4ME7SDY7D90HI6O03W6SHB', '1596-6-6', 'C0BOO2EIV2XUWY9X2S1R9GFVPKIODN', 9);

insert into ADHERANT (ID_ADHERANT, NOM_ADHERANT, PRENOM_ADHERANT, ATE_NAISS_ADHERANT, ADRESSE_ADHERANT, TEL_ADHERANT) values (11, '76IWTMAAUQAAK H680LF87QDTN8P N', '19OX82XJJ8OT6WHIP4JUXK5U963GUS', '1172-6-14', 'UENJ3S3Q7F87EXVWS81JF6I2P0RAJ5', 17);

insert into ADHERANT (ID_ADHERANT, NOM_ADHERANT, PRENOM_ADHERANT, ATE_NAISS_ADHERANT, ADRESSE_ADHERANT, TEL_ADHERANT) values (6, 'IYLELKV5 3JJ9882 9RXVU81U3VQT9', ' C7N8GGDA761GJY9N8MHGSVRRO VI7', '95-5-31', ' 0CXN2DMMP8L4OHQWCJ2BYDRK 86 P', 11);

insert into ADHERANT (ID_ADHERANT, NOM_ADHERANT, PRENOM_ADHERANT, ATE_NAISS_ADHERANT, ADRESSE_ADHERANT, TEL_ADHERANT) values (19, 'XTYMOBUG2MWJ3WWV2DDTY4 OX5T4YC', 'V373D5Q4TUAE U57NDPMQ71KCJW0L3', '337-4-6', 'AOQ4RLJGJWMNYJYD163Y3SDM07DXQX', 8);

insert into ADHERANT (ID_ADHERANT, NOM_ADHERANT, PRENOM_ADHERANT, ATE_NAISS_ADHERANT, ADRESSE_ADHERANT, TEL_ADHERANT) values (18, '79A2YLRC0X22S3CAWNI429M7KHQ7DC', 'IRS K77CK4TVG4EEENULFWGN9WTV0A', '1911-1-17', 'LO5UP3  P5GK62F8XEELTJ1 JXB9IM', 2);

insert into ADHERANT (ID_ADHERANT, NOM_ADHERANT, PRENOM_ADHERANT, ATE_NAISS_ADHERANT, ADRESSE_ADHERANT, TEL_ADHERANT) values (17, '5OAWQ57C0Y97SQY CDN1LIS DN9IM3', 'TI8IRY6AB2PDC UOUYF9MPLLLV2L F', '442-12-29', '29T127MJYK D1R3X2DDCUCOMI0PFKR', 16);

insert into ADHERANT (ID_ADHERANT, NOM_ADHERANT, PRENOM_ADHERANT, ATE_NAISS_ADHERANT, ADRESSE_ADHERANT, TEL_ADHERANT) values (8, 'GXG62GHPLQCU61H477OE7VUTAGWAP5', 'K6FJ60NUVDYNIESLO7RS9EWE9AR8HY', '1296-9-30', ' EF6UUWP WN5RDTNSYX7RF7F8E2YVW', 10);

insert into ADHERANT (ID_ADHERANT, NOM_ADHERANT, PRENOM_ADHERANT, ATE_NAISS_ADHERANT, ADRESSE_ADHERANT, TEL_ADHERANT) values (13, 'RUPI0K5AGO7KG5GY262G7KYU8W7Q3X', 'OD4HN43TOQX8C W7C34MKHD5XF8BNY', '832-2-6', '7AMFKIE41ICUAXLQ8K2K RUH74PLOU', 0);

insert into ADHERANT (ID_ADHERANT, NOM_ADHERANT, PRENOM_ADHERANT, ATE_NAISS_ADHERANT, ADRESSE_ADHERANT, TEL_ADHERANT) values (12, 'PUE9I6OVXT10APG8X9GT I07LJ1WXP', 'GXMUM0E1LVWXDBP3ML7K98U6USQQTL', '1965-5-29', 'I108BB1X3DEBPB5XL1 27270LSS6PA', 18);

insert into ADHERANT (ID_ADHERANT, NOM_ADHERANT, PRENOM_ADHERANT, ATE_NAISS_ADHERANT, ADRESSE_ADHERANT, TEL_ADHERANT) values (9, 'FT0BFQJSOYE57MWST6H0TYL7Q3188I', 'YSNPSQGO48002ULUW2WEP4QO6 056J', '1368-12-17', 'A575KW766NKY3G0RKU0 YY5Q57PY0P', 19);

insert into ADHERANT (ID_ADHERANT, NOM_ADHERANT, PRENOM_ADHERANT, ATE_NAISS_ADHERANT, ADRESSE_ADHERANT, TEL_ADHERANT) values (4, 'Y62ED YJYKRT8S1FGT2WDEFO98S9R2', '88RFFG9MEFA8XDSK5MU2ABAOV4SR6P', '716-5-2', 'W2EDECO9833YCJD0W01HEQNB3CE3DF', 13);

insert into ADHERANT (ID_ADHERANT, NOM_ADHERANT, PRENOM_ADHERANT, ATE_NAISS_ADHERANT, ADRESSE_ADHERANT, TEL_ADHERANT) values (7, '4C5NCG74T0LJ9K97NNS5IDW7C TCIK', 'MPY5QIEHKPL276JP87SIL78T4M3JLY', '1067-8-7', 'AUG22X495XJYDHVOP JY R7P5EY0WJ', 7);

insert into ADHERANT (ID_ADHERANT, NOM_ADHERANT, PRENOM_ADHERANT, ATE_NAISS_ADHERANT, ADRESSE_ADHERANT, TEL_ADHERANT) values (2, 'I1IBJVK 0TI8I5NR7K1S2G73B8SS85', 'GWBVBEX30K4TGX5QL54NK242GM5296', '1673-3-7', '4NHIG FH XOG135P1SV8UR5CUUPMED', 4);

insert into ADHERANT (ID_ADHERANT, NOM_ADHERANT, PRENOM_ADHERANT, ATE_NAISS_ADHERANT, ADRESSE_ADHERANT, TEL_ADHERANT) values (3, 'U82XH45K5RITJ03EVC GUTIMKYC3LH', 'C5NJTGGEKOECX8D7UBCO3P24724G0E', '1-1-1', 'Q6B76OW66JWA0IXCV LJ6VN0D9JJ3Y', 12);

insert into ADHERANT (ID_ADHERANT, NOM_ADHERANT, PRENOM_ADHERANT, ATE_NAISS_ADHERANT, ADRESSE_ADHERANT, TEL_ADHERANT) values (0, 'AJSLAFCAK55M2H18P7PQY3BJSCSRQE', '1R499D 7BMF398PFS4DD75BO5RFSV5', '931-5-28', '4ME6PDPAWN1WRLHXL358BAXOVH8O1W', 6);

insert into ADHERANT (ID_ADHERANT, NOM_ADHERANT, PRENOM_ADHERANT, ATE_NAISS_ADHERANT, ADRESSE_ADHERANT, TEL_ADHERANT) values (10, 'IO23Y7U28IU5DMT7O0EJG0MGVTKT07', 'D71VI8C1DTK7I9MNFR9OJ2XNQ6SFRG', '241-4-22', 'BTOGTCPYMPGHVNKPQRLT8FPF34 DT3', 14);

insert into ADHERANT (ID_ADHERANT, NOM_ADHERANT, PRENOM_ADHERANT, ATE_NAISS_ADHERANT, ADRESSE_ADHERANT, TEL_ADHERANT) values (1, '1URO0 7OW9BB17TEJH06TY1WL2Y0KD', 'ATQH6J 7HKTE564QQC3NI4WTQHE509', '1770-8-4', 'YLD1 COPK1WYS6PDT89V66DNVVVEBA', 5);

insert into ADHERANT (ID_ADHERANT, NOM_ADHERANT, PRENOM_ADHERANT, ATE_NAISS_ADHERANT, ADRESSE_ADHERANT, TEL_ADHERANT) values (15, '6WLGT2RRPSAXJJ7GQ8OGOXQXL5IFQE', 'K5CQEAU5HNR110AKIPAF7TH0G5 2I7', '1449-6-19', 'EFEFYSP0RWMKWUU2BYHXOV2L5EMF7E', 15);

insert into ADHERANT (ID_ADHERANT, NOM_ADHERANT, PRENOM_ADHERANT, ATE_NAISS_ADHERANT, ADRESSE_ADHERANT, TEL_ADHERANT) values (16, 'AQJ126AS4XVGKSMI983VOM9KBGXFL0', 'XW10CGT4I8B5R2793DBJJIVRJ8F4DJ', '582-9-16', '2GXYJ 223YF0NNLM0UL0M8GX3NRB5V', 1);

insert into ADHERANT (ID_ADHERANT, NOM_ADHERANT, PRENOM_ADHERANT, ATE_NAISS_ADHERANT, ADRESSE_ADHERANT, TEL_ADHERANT) values (14, '0YO8FEB3EG040U6BNO0QP53F8M4MDH', 'OAN6G 5Q7PUML4KJ7HHF8PY13X4MTJ', '1596-6-6', 'ENQ6DQ8HII0T04HV6N0PM2SS VT0JX', 3);

insert into ADMIN_BIBLIO (LOGIN_AD, PASSWORD_AD, NOM_AD, PRENOM_AD, DATE_NAISSANCE_AD) values ('15CYV0L7', 'FEUORD99', ' UGPY5HNF12T1UWHLCR4K36TDAOCKD', '10S YMVTN4EJHT17 B1G57FIRCIGYK', '1525-9-18');

insert into ADMIN_BIBLIO (LOGIN_AD, PASSWORD_AD, NOM_AD, PRENOM_AD, DATE_NAISSANCE_AD) values ('1NL4A1UM', 'GE2DXN3S', 'T171BJFWOQW5YGA406G5IST0YCVXNJ', 'WQLC2DOF 9K4US70CQLB B92P8EFU8', '887-5-14');

insert into ADMIN_BIBLIO (LOGIN_AD, PASSWORD_AD, NOM_AD, PRENOM_AD, DATE_NAISSANCE_AD) values ('OA71V0D7', '2QWBRWHR', 'FATTIVCRP64H797H9J7PQANEGTF1S6', 'G2HJ9YOX8DSPV7S17EQEAUNAI3QG84', '830-8-8');

insert into ADMIN_BIBLIO (LOGIN_AD, PASSWORD_AD, NOM_AD, PRENOM_AD, DATE_NAISSANCE_AD) values ('7VRI8LKX', 'LB913EI ', '0M610QMG3K8C4KP8DAL8HFSN1 1U5U', 'W49K3LOJP 6B94E5R5ASWGVAOCXW3U', '975-9-24');

insert into ADMIN_BIBLIO (LOGIN_AD, PASSWORD_AD, NOM_AD, PRENOM_AD, DATE_NAISSANCE_AD) values ('QE4Q7I5N', '6HR8MVIC', '52DQN9XDQLR9AKSJ8V3JXBVYAPKW79', '4XU33I6SLHY7KHKLNXOQIPFVN1WJWF', '1914-9-5');

insert into ADMIN_BIBLIO (LOGIN_AD, PASSWORD_AD, NOM_AD, PRENOM_AD, DATE_NAISSANCE_AD) values ('VSIBHDQ2', 'NXMIKX9A', '64GUFRSO80JQDRSEQ7 E3UOVF5VS2K', 'E9VXWBDH0G4EVUM29B10 S45G5DMWB', '568-7-25');

insert into ADMIN_BIBLIO (LOGIN_AD, PASSWORD_AD, NOM_AD, PRENOM_AD, DATE_NAISSANCE_AD) values ('Q2SILQDV', '0TCNKY26', '8JWU1P3ULI7TTBSHGHR4G6YFQDFGVN', 'UWM3XVKJ45BF137DNNM 7U19SJLNE3', '1799-1-20');

insert into ADMIN_BIBLIO (LOGIN_AD, PASSWORD_AD, NOM_AD, PRENOM_AD, DATE_NAISSANCE_AD) values ('HFVGC 9L', 'UVW4T2QW', 'T78REJ91N14MBPFJK45JLHGAVA1 4F', '1AVNBBOWJG1KM439X4L21AGP4TG2NH', '480-9-12');

insert into ADMIN_BIBLIO (LOGIN_AD, PASSWORD_AD, NOM_AD, PRENOM_AD, DATE_NAISSANCE_AD) values ('W7KYY6VD', 'MU819JE8', 'QMLNDEJYWW4IX1801D4 U3V2LGFV P', '07GNMV9W23OQB8XCF152T6CSGDAEFB', '421-12-14');

insert into ADMIN_BIBLIO (LOGIN_AD, PASSWORD_AD, NOM_AD, PRENOM_AD, DATE_NAISSANCE_AD) values ('6 EW8EKW', 'Q4N1EOC4', '9OFHXPWE97YI069PND2NYK RE 6VPC', '6IQ6URRNRYAFSJJ3QEQ E0K8B3C0YL', '780-6-14');

insert into ADMIN_BIBLIO (LOGIN_AD, PASSWORD_AD, NOM_AD, PRENOM_AD, DATE_NAISSANCE_AD) values ('QC23FJ9W', 'H7WY3ON1', 'YHT1A1T5IMP3W2SJC6PQ4VS9AG6E3O', 'N5F2JDMQM EVAQPWMP8D62V 7DO4T2', '291-11-24');

insert into ADMIN_BIBLIO (LOGIN_AD, PASSWORD_AD, NOM_AD, PRENOM_AD, DATE_NAISSANCE_AD) values ('AV1C6148', '6B7O46JM', 'CJILAJBG6DYNXDX6I528T3YFYEV21Q', 'JFUM8 CMOV62E48U 99DWNGNFXSD80', '1-1-1');

insert into ADMIN_BIBLIO (LOGIN_AD, PASSWORD_AD, NOM_AD, PRENOM_AD, DATE_NAISSANCE_AD) values ('68DQBVMV', 'IY038U6R', '82OQ0CXETOUIR7HNOAB4W4EQ21I2EE', 'JVQ3FW70U652VCI6LLJGPWCVJL4D7B', '1036-8-10');

insert into ADMIN_BIBLIO (LOGIN_AD, PASSWORD_AD, NOM_AD, PRENOM_AD, DATE_NAISSANCE_AD) values ('173O7PA3', 'RGM4DVHS', 'E87BFFF8NTLMK2L9YQK620MHVYUDHV', 'YKL5PEK1X4Q0E43MA36DYGO9Y7R2UP', '1377-6-16');

insert into ADMIN_BIBLIO (LOGIN_AD, PASSWORD_AD, NOM_AD, PRENOM_AD, DATE_NAISSANCE_AD) values (' 548EXXB', '56YHVAV1', 'S6Y47R3KQ8K5X0DEA3MC7GQPPUTL34', '0NGXG9J0JKKM9K4SS1KD48XDV0UJ8O', '195-2-9');

insert into ADMIN_BIBLIO (LOGIN_AD, PASSWORD_AD, NOM_AD, PRENOM_AD, DATE_NAISSANCE_AD) values ('1SVV87CE', '9OOMIPFR', 'YLJH66F7I95YPK7H4R678TG9L221SE', 'OACD0NP2RNXUSA01YOCLST3XOC 9EN', '1245-10-2');

insert into ADMIN_BIBLIO (LOGIN_AD, PASSWORD_AD, NOM_AD, PRENOM_AD, DATE_NAISSANCE_AD) values ('IAJD1592', 'C4Q1HDFQ', 'WWPF53F3TPS0I0SVTE43S1BRKFST65', '5A2J3DQ6XQJX01QYTHV UGF7 0P02Y', '110-5-13');

insert into ADMIN_BIBLIO (LOGIN_AD, PASSWORD_AD, NOM_AD, PRENOM_AD, DATE_NAISSANCE_AD) values ('EQHQMT0F', '8WQLE JA', 'YH2Q21C7KIKPC6SR6WYH7PCCCYVYHV', 'PDWHG6YI1A9LFPOYQMRTKRPYSJTJP ', '1141-11-3');

insert into ADMIN_BIBLIO (LOGIN_AD, PASSWORD_AD, NOM_AD, PRENOM_AD, DATE_NAISSANCE_AD) values ('M33SFF3S', 'GT7NGYJO', '16N5X5A8U1 LH2GQUEFVP4PATT6M3K', 'E LAQVUNT4O5T8I61O0MDP1FS5R7 Y', '1669-1-6');

insert into ADMIN_BIBLIO (LOGIN_AD, PASSWORD_AD, NOM_AD, PRENOM_AD, DATE_NAISSANCE_AD) values ('LEY87DV5', 'VO3LRC L', '9MPQBW1B803BHSINS U1YDXCWBJL21', 'H350A SYN2SHW6 E0S3I4LEJI3APDE', '651-5-20');

insert into LIVRE (ISBN, NOM_AUTEUR, TITRE_LIVRE, LANGUE_LIVRE, NBRE_EXPLAIRE_LIVRE) values (12, '3P23FA9078X 7MXD609PLMWXTXWC5O', 'TLAM6CQ9IOKKSRCOEV3 U2GPCSKSDM', 'YCN59UID9SEU4SPOP7A9LI4EAMMQOJ', 10);

insert into LIVRE (ISBN, NOM_AUTEUR, TITRE_LIVRE, LANGUE_LIVRE, NBRE_EXPLAIRE_LIVRE) values (9, 'IALEUBBX96ADLGBJ IEN5NEVOBMBNM', ' IKJJLNEULNXJIYCT8U6YN855T8N4S', 'OINTTTFIIK1AJYFOFXHLNTWUE W50X', 3);

insert into LIVRE (ISBN, NOM_AUTEUR, TITRE_LIVRE, LANGUE_LIVRE, NBRE_EXPLAIRE_LIVRE) values (1, 'QDSQU9PF8FGVAQRQ6LWO 3GJA3ASUB', 'GVK84UKLKIXKEYI041X GB4OWF0WER', 'CR11UYMDXXQU2F34181I85J2SGOA8P', 19);

insert into LIVRE (ISBN, NOM_AUTEUR, TITRE_LIVRE, LANGUE_LIVRE, NBRE_EXPLAIRE_LIVRE) values (19, '3P23FA9078X 7MXD609PLMWXTXWC5O', '4EW5O4T0AJ  NUDIH172R8GBWFHB7 ', 'YUKEVSLO0 J50475P8D1KAB86STW3 ', 11);

insert into LIVRE (ISBN, NOM_AUTEUR, TITRE_LIVRE, LANGUE_LIVRE, NBRE_EXPLAIRE_LIVRE) values (5, 'ANEX5CW439W89E2WVNJ0TXXJ3TKIHH', 'F4K2PP00QKNCKX22IUNI GPAD5QU1P', '5CFIBKIPJFKXJBSV31XSVR631P990X', 4);

insert into LIVRE (ISBN, NOM_AUTEUR, TITRE_LIVRE, LANGUE_LIVRE, NBRE_EXPLAIRE_LIVRE) values (13, 'YQVQP495BT6QMLNH760ANFLJTOCDAX', '9RI3YG0BEP1Q7I24ABKDPY37R YGYJ', 'JHK55OUFMHL 48MABDS3CEC KS3J8J', 7);

insert into LIVRE (ISBN, NOM_AUTEUR, TITRE_LIVRE, LANGUE_LIVRE, NBRE_EXPLAIRE_LIVRE) values (3, 'OEHFE1A3PAQX3PX7UO5XH2G817GMA7', '5EXNRO9DPOCCNQE337GHDRKICAD2E1', 'W84X7H0ND6LN1KXAE7KH69RIWDWF2E', 1);

insert into LIVRE (ISBN, NOM_AUTEUR, TITRE_LIVRE, LANGUE_LIVRE, NBRE_EXPLAIRE_LIVRE) values (11, 'RIR63O48HROM2NR8G4L3GJ5KDUJKNI', 'F5255ME 5 WFYTOLHF4ETMTE0M3OQC', '4TIYKURCG0MY48BAB58B00PENJBQGD', 9);

insert into LIVRE (ISBN, NOM_AUTEUR, TITRE_LIVRE, LANGUE_LIVRE, NBRE_EXPLAIRE_LIVRE) values (14, 'R7JUIB92YUNEVORUXH7E0WT0KB7V0G', 'IVTFC9E76OINU 1RXDXNN9LJ3R223J', 'ENALVMMY54AR7I1RSVW 9OSIPGE 8K', 0);

insert into LIVRE (ISBN, NOM_AUTEUR, TITRE_LIVRE, LANGUE_LIVRE, NBRE_EXPLAIRE_LIVRE) values (0, '4GH3KID KHVYDFQJ OLR9ACHYM7OK5', 'RFAI8HK34IQGEWMKRJ5F KE5KR4V68', '7HUUIHMP9RXSY8BSW9T0SHSTT6996O', 2);

insert into LIVRE (ISBN, NOM_AUTEUR, TITRE_LIVRE, LANGUE_LIVRE, NBRE_EXPLAIRE_LIVRE) values (18, 'LG17UAIVG15BT9VU0YLHQXPX8VHR57', 'MNP1M6W7UPIK898EULOCJUOOERI6QP', '1OA269SGKY3DGT3AMP8WX O6AMMYBL', 5);

insert into LIVRE (ISBN, NOM_AUTEUR, TITRE_LIVRE, LANGUE_LIVRE, NBRE_EXPLAIRE_LIVRE) values (8, '3P23FA9078X 7MXD609PLMWXTXWC5O', '5OHQANR92OVALT3J76 3SN6DMAJ2V7', '9L5TH788BRKK9DKKCXK6WN07NTMMAP', 6);

insert into LIVRE (ISBN, NOM_AUTEUR, TITRE_LIVRE, LANGUE_LIVRE, NBRE_EXPLAIRE_LIVRE) values (15, 'H06PN OC0K44Q6HLUM1R 3KBKYK MJ', 'M9JQCU7PXS48SE3MIIBGS9U3GG80MA', 'OJ8W23E2 88RE53D9MSHHNXK7J56L6', 18);

insert into LIVRE (ISBN, NOM_AUTEUR, TITRE_LIVRE, LANGUE_LIVRE, NBRE_EXPLAIRE_LIVRE) values (2, 'IALEUBBX96ADLGBJ IEN5NEVOBMBNM', '469IH55WI07ASBS17TKCASTHV1NPK9', ' 0GL2Q0HJ2R4DNGGPQYALM43V09TTX', 13);

insert into LIVRE (ISBN, NOM_AUTEUR, TITRE_LIVRE, LANGUE_LIVRE, NBRE_EXPLAIRE_LIVRE) values (16, '4GH3KID KHVYDFQJ OLR9ACHYM7OK5', 'U3KAMAW2LHM0PGO6MGVUIK5BJ1ODP8', '3BIT9YWNKMTCR19Y5NAKJM28YD1VFV', 16);

insert into LIVRE (ISBN, NOM_AUTEUR, TITRE_LIVRE, LANGUE_LIVRE, NBRE_EXPLAIRE_LIVRE) values (10, 'JR 6BBWXW8YC  HRP2O38JG0VGP0FE', 'W76 OD3FM9DDJW 4CHSUKOFD8EP82Q', 'QJ1 D9QW 8VW4RX0RVJW476WQG0N3T', 8);

insert into LIVRE (ISBN, NOM_AUTEUR, TITRE_LIVRE, LANGUE_LIVRE, NBRE_EXPLAIRE_LIVRE) values (4, 'LG17UAIVG15BT9VU0YLHQXPX8VHR57', 'EFT0EQ0UMQVORL2K5P3IQDO9RGGLY4', 'UAMJM84XMSUI6HNUF4R54RYT149XU6', 17);

insert into LIVRE (ISBN, NOM_AUTEUR, TITRE_LIVRE, LANGUE_LIVRE, NBRE_EXPLAIRE_LIVRE) values (7, '78C8M31YXMJWF36N2N2PVT894A UQ4', 'PTE8YXKVM4JE3W4G9J4S83ABVIRURD', 'RUIWVH9B3ISH2CKNX3MI0JPT1XAE9B', 14);

insert into LIVRE (ISBN, NOM_AUTEUR, TITRE_LIVRE, LANGUE_LIVRE, NBRE_EXPLAIRE_LIVRE) values (6, '3P23FA9078X 7MXD609PLMWXTXWC5O', ' HHTW4S67WH2TIDCWTDS0P20CI8BBD', 'UBMI84MF0FI1EPQU8NR7AA3JI8921N', 15);

insert into LIVRE (ISBN, NOM_AUTEUR, TITRE_LIVRE, LANGUE_LIVRE, NBRE_EXPLAIRE_LIVRE) values (17, 'ACQHMIM9E4FTEHO4U7SBSFEGBDJLX9', '635NYG0KFPYPC162YIAR198EBGQ2 W', '2 ASXRJAB NO 0UCL0 TPF88EY0GGN', 12);

insert into EMPRUNT (ID_EMPRUNT, ISBN, ID_ADHERANT, LOGIN_AD, DATE_DEBUT, DATE_FIN, NBRE_EMPRUNT) values (13, 13, 15, 'W7KYY6VD', '1870-5-9', '981-11-29', 15);

insert into EMPRUNT (ID_EMPRUNT, ISBN, ID_ADHERANT, LOGIN_AD, DATE_DEBUT, DATE_FIN, NBRE_EMPRUNT) values (6, 18, 17, 'AV1C6148', '1554-5-13', '1520-5-15', 18);

insert into EMPRUNT (ID_EMPRUNT, ISBN, ID_ADHERANT, LOGIN_AD, DATE_DEBUT, DATE_FIN, NBRE_EMPRUNT) values (4, 5, 12, '1NL4A1UM', '1163-10-23', '1614-4-15', 17);

insert into EMPRUNT (ID_EMPRUNT, ISBN, ID_ADHERANT, LOGIN_AD, DATE_DEBUT, DATE_FIN, NBRE_EMPRUNT) values (3, 18, 10, '7VRI8LKX', '442-12-6', '516-10-19', 3);

insert into EMPRUNT (ID_EMPRUNT, ISBN, ID_ADHERANT, LOGIN_AD, DATE_DEBUT, DATE_FIN, NBRE_EMPRUNT) values (18, 5, 6, '1NL4A1UM', '916-6-8', '1200-8-7', 10);

insert into EMPRUNT (ID_EMPRUNT, ISBN, ID_ADHERANT, LOGIN_AD, DATE_DEBUT, DATE_FIN, NBRE_EMPRUNT) values (7, 19, 18, 'QC23FJ9W', '1679-4-14', '766-7-29', 9);

insert into EMPRUNT (ID_EMPRUNT, ISBN, ID_ADHERANT, LOGIN_AD, DATE_DEBUT, DATE_FIN, NBRE_EMPRUNT) values (0, 6, 9, 'AV1C6148', '966-7-12', '179-7-24', 14);

insert into EMPRUNT (ID_EMPRUNT, ISBN, ID_ADHERANT, LOGIN_AD, DATE_DEBUT, DATE_FIN, NBRE_EMPRUNT) values (10, 14, 8, '15CYV0L7', '96-11-2', '1795-9-10', 8);

insert into EMPRUNT (ID_EMPRUNT, ISBN, ID_ADHERANT, LOGIN_AD, DATE_DEBUT, DATE_FIN, NBRE_EMPRUNT) values (14, 19, 3, 'QC23FJ9W', '1240-5-2', '263-8-22', 16);

insert into EMPRUNT (ID_EMPRUNT, ISBN, ID_ADHERANT, LOGIN_AD, DATE_DEBUT, DATE_FIN, NBRE_EMPRUNT) values (2, 13, 11, 'QC23FJ9W', '1756-11-23', '1-1-1', 12);

insert into EMPRUNT (ID_EMPRUNT, ISBN, ID_ADHERANT, LOGIN_AD, DATE_DEBUT, DATE_FIN, NBRE_EMPRUNT) values (11, 2, 17, ' 548EXXB', '1810-11-10', '1460-5-3', 1);

insert into EMPRUNT (ID_EMPRUNT, ISBN, ID_ADHERANT, LOGIN_AD, DATE_DEBUT, DATE_FIN, NBRE_EMPRUNT) values (16, 4, 17, 'IAJD1592', '371-9-12', '866-5-11', 5);

insert into EMPRUNT (ID_EMPRUNT, ISBN, ID_ADHERANT, LOGIN_AD, DATE_DEBUT, DATE_FIN, NBRE_EMPRUNT) values (17, 5, 1, 'QE4Q7I5N', '1366-11-1', '1698-8-22', 6);

insert into EMPRUNT (ID_EMPRUNT, ISBN, ID_ADHERANT, LOGIN_AD, DATE_DEBUT, DATE_FIN, NBRE_EMPRUNT) values (8, 8, 4, 'QC23FJ9W', '226-9-3', '402-5-18', 7);

insert into EMPRUNT (ID_EMPRUNT, ISBN, ID_ADHERANT, LOGIN_AD, DATE_DEBUT, DATE_FIN, NBRE_EMPRUNT) values (19, 2, 5, 'OA71V0D7', '1070-8-10', '68-12-19', 11);

insert into EMPRUNT (ID_EMPRUNT, ISBN, ID_ADHERANT, LOGIN_AD, DATE_DEBUT, DATE_FIN, NBRE_EMPRUNT) values (15, 16, 1, 'IAJD1592', '580-9-3', '662-4-15', 0);

insert into EMPRUNT (ID_EMPRUNT, ISBN, ID_ADHERANT, LOGIN_AD, DATE_DEBUT, DATE_FIN, NBRE_EMPRUNT) values (9, 14, 1, 'AV1C6148', '1489-8-6', '1318-12-27', 19);

insert into EMPRUNT (ID_EMPRUNT, ISBN, ID_ADHERANT, LOGIN_AD, DATE_DEBUT, DATE_FIN, NBRE_EMPRUNT) values (12, 2, 15, 'IAJD1592', '711-6-13', '1151-2-12', 2);

insert into EMPRUNT (ID_EMPRUNT, ISBN, ID_ADHERANT, LOGIN_AD, DATE_DEBUT, DATE_FIN, NBRE_EMPRUNT) values (1, 6, 2, '68DQBVMV', '833-12-22', '1846-6-30', 13);

insert into EMPRUNT (ID_EMPRUNT, ISBN, ID_ADHERANT, LOGIN_AD, DATE_DEBUT, DATE_FIN, NBRE_EMPRUNT) values (5, 2, 13, 'VSIBHDQ2', '1-1-1', '1030-9-20', 4);

