insert into AUTEUR (ID_AUTEUR, NOM_AUTEUR, PRENOM_AUTEUR) values (11, '02F733X3LFHKWQIXJ81W63WG1L0NUH', '5IGNR3M1HXYUPR5M7ALGY9K7O2A1UV');

insert into AUTEUR (ID_AUTEUR, NOM_AUTEUR, PRENOM_AUTEUR) values (8, 'VIIKT107PEUD5YPJSS0MBXO0XXT9FF', '30W38RJ91PA32P77XL GU0MR3DRKQ0');

insert into AUTEUR (ID_AUTEUR, NOM_AUTEUR, PRENOM_AUTEUR) values (6, '2YEEI3HJRIFNYQK00V80XXI 3O5L66', 'TJSNLSVO0LCUF6VMN5TCUT9RJU8QEH');

insert into AUTEUR (ID_AUTEUR, NOM_AUTEUR, PRENOM_AUTEUR) values (9, 'OU45YTBAGHLJYWLA0WULVWVSQQXY74', 'GO6WHX9B8 294RD0GR327LG0V11XPK');

insert into AUTEUR (ID_AUTEUR, NOM_AUTEUR, PRENOM_AUTEUR) values (7, 'X0E7MOQ9HK7THHUMQJ4T9D5STEQQ65', 'OB4PRX TOYGKVV6LR 8ABULC9U0FNS');

insert into AUTEUR (ID_AUTEUR, NOM_AUTEUR, PRENOM_AUTEUR) values (16, 'N0LK0M8A67SE371RET5QYAXE0BHU4D', 'I25LTCMNP798488A29B73V12Y6305Y');

insert into AUTEUR (ID_AUTEUR, NOM_AUTEUR, PRENOM_AUTEUR) values (2, '19LUYXXBQ5E7YHG9F DPW8WFSPF5V0', 'W82K7 4BDRMV5NN7DS1K286CPBIWX4');

insert into AUTEUR (ID_AUTEUR, NOM_AUTEUR, PRENOM_AUTEUR) values (19, 'N0OS2851Y899II7BNSH8FM4MWK6YI8', 'GU7TN NOCYXB4GOJ1I35G6AGG6 R46');

insert into AUTEUR (ID_AUTEUR, NOM_AUTEUR, PRENOM_AUTEUR) values (4, 'P X7LEQFVDMGYU941C05G4F7KRPILD', 'H77X2V4PBJ1YF7O S6SA5O V5CA8M6');

insert into AUTEUR (ID_AUTEUR, NOM_AUTEUR, PRENOM_AUTEUR) values (14, '9PGCJHXV7VGFS8SC0B536EBN2R1VR5', 'I7QLRRXKLHRCL1N7NJGEBKKHQRB0EW');

insert into AUTEUR (ID_AUTEUR, NOM_AUTEUR, PRENOM_AUTEUR) values (15, 'JJP X9 CX8R5NA1SCW474INYBE4YT ', '3I3LKHTGE1TJ8EK L718TC50JT9MNC');

insert into AUTEUR (ID_AUTEUR, NOM_AUTEUR, PRENOM_AUTEUR) values (18, 'T51MXDTTRWSJ1VQD03M0EGXSTL1W9M', '8K7CS3FIOM3BU FPO5USDQLKPE1PJ8');

insert into AUTEUR (ID_AUTEUR, NOM_AUTEUR, PRENOM_AUTEUR) values (12, '811EM026FUDB6ATA3DM 2RGO7MM S ', 'APLPH8EIVUB3W3DQRJPDK W4IWDH5A');

insert into AUTEUR (ID_AUTEUR, NOM_AUTEUR, PRENOM_AUTEUR) values (5, '0FBL8G69GUMAFDARQAJKDX40C4WPV5', 'O36XW4JFHLGOG6M KDFK3QLYO3A738');

insert into AUTEUR (ID_AUTEUR, NOM_AUTEUR, PRENOM_AUTEUR) values (3, '3RJTMCMBR46HW94MHG3TP7CCB LCBT', '999031CXN5IGPV6H5WIV71IIHM5896');

insert into AUTEUR (ID_AUTEUR, NOM_AUTEUR, PRENOM_AUTEUR) values (0, ' RYL8KD3DI7M7HH39J1UVCXESKFUGC', 'AOBNOLOHV7D4YTBVGEQGMMISA6LCI0');

insert into AUTEUR (ID_AUTEUR, NOM_AUTEUR, PRENOM_AUTEUR) values (17, 'H9L 9U1O16TYDFY O1RSGCBHGQJ5TG', 'P4124V0LGATD1XAE15E IDYIMSINP1');

insert into AUTEUR (ID_AUTEUR, NOM_AUTEUR, PRENOM_AUTEUR) values (13, 'IN6XCVEP8X0BX4V7SN LBE6CVPEIAD', 'GI6N562O16C PBMXADFS4P5YRBK3T5');

insert into AUTEUR (ID_AUTEUR, NOM_AUTEUR, PRENOM_AUTEUR) values (10, '9KF827IUGD6PPK09PN13YY4LNNXFEW', 'LL2 O1OQY4LB0MFDDK4MVVK1AFVIHV');

insert into AUTEUR (ID_AUTEUR, NOM_AUTEUR, PRENOM_AUTEUR) values (1, 'PKC H4GFUE LSIMPFF31KA7YYYHA1 ', '377PXHJNW9 XTL7OYMVKS2H7CN DQT');

insert into ADHERANT (ID_ADHERANT, NOM_ADHERANT, PRENOM_ADHERANT, ATE_NAISS_ADHERANT, ADRESSE_ADHERANT, TEL_ADHERANT) values (5, 'EOHQAH7HC TM XGDXL2RV2MLEX03BJ', 'O6DS K8LFFRQV14UP6 T4IXA49H4JP', '1654-3-30', '8X4SCY3GRKTEBFM3EC780RKQY06F4E', 19);

insert into ADHERANT (ID_ADHERANT, NOM_ADHERANT, PRENOM_ADHERANT, ATE_NAISS_ADHERANT, ADRESSE_ADHERANT, TEL_ADHERANT) values (4, 'TMWLFKKBTRS9L 19L9YESGPB GMQ17', 'JMF6VUW 0UAD2 ARAEDLNOXPELLNP4', '445-10-4', ' 1JR1QCPF24OYP3F96B RAFPJKAM8R', 0);

insert into ADHERANT (ID_ADHERANT, NOM_ADHERANT, PRENOM_ADHERANT, ATE_NAISS_ADHERANT, ADRESSE_ADHERANT, TEL_ADHERANT) values (0, '5X8N2D38IO8VD2214QK61XTL8FOKSA', 'QC9QBUG4IQJR9MTMEKVO0EDUG0MPAC', '1412-8-23', 'S09O102GIHKWPOJVCNE23JC9KU9TEV', 11);

insert into ADHERANT (ID_ADHERANT, NOM_ADHERANT, PRENOM_ADHERANT, ATE_NAISS_ADHERANT, ADRESSE_ADHERANT, TEL_ADHERANT) values (8, 'WD PDEGPYT3S2PMXBK2AAT142V6K3S', '34N6PKWCUPULM8G2 U0HYPF0WU3RA ', '676-8-11', '5MNJJHFTAPGA153 SX1L1RN2F4R9Q ', 10);

insert into ADHERANT (ID_ADHERANT, NOM_ADHERANT, PRENOM_ADHERANT, ATE_NAISS_ADHERANT, ADRESSE_ADHERANT, TEL_ADHERANT) values (9, 'E1220PMFWDJLGFD4VD0IP5DA2JTEGH', 'GACAY0828BS46R42XFDY0SHYU 206V', '1184-4-13', 'TNQOW1IEC2EJMSKAY3ORF6NSKKT6SB', 7);

insert into ADHERANT (ID_ADHERANT, NOM_ADHERANT, PRENOM_ADHERANT, ATE_NAISS_ADHERANT, ADRESSE_ADHERANT, TEL_ADHERANT) values (1, 'CDJGLB8X0M8CDULWP 2SFHWELREQ 7', ' XS2FV1G9W170PKE0PY9SB0G9Q 3C ', '1050-5-19', 'K76HNL4UX2GKXFENEKVXEUT3UXDGTL', 3);

insert into ADHERANT (ID_ADHERANT, NOM_ADHERANT, PRENOM_ADHERANT, ATE_NAISS_ADHERANT, ADRESSE_ADHERANT, TEL_ADHERANT) values (18, 'GJSJMX6VJ646YFV6IX73OHW4CQRYO5', 'XGBM9Y3FDKMQ94QBQ76GE  D26NWS4', '1944-1-19', 'Y3VDDD5CVM87N02OHK9DVN0B8T4B9F', 1);

insert into ADHERANT (ID_ADHERANT, NOM_ADHERANT, PRENOM_ADHERANT, ATE_NAISS_ADHERANT, ADRESSE_ADHERANT, TEL_ADHERANT) values (10, 'C6GXTKKH5KHQPT94U8 2JCYS5EAB61', 'SH6QC8CSYA0G4R9UKAI4NTY1HXUPS1', '57-9-5', '5UG5PFSEQ8GPF2XVOKFAKCPTKCL5W4', 14);

insert into ADHERANT (ID_ADHERANT, NOM_ADHERANT, PRENOM_ADHERANT, ATE_NAISS_ADHERANT, ADRESSE_ADHERANT, TEL_ADHERANT) values (16, 'JUVL02FPTV8BFFJI1R091Q75KC0SSF', 'IHDF76309ATV1W5QLLIKI2WMM1AF58', '921-2-13', '09PWIIJI1J9NTATURVJXXL97 EXAT1', 8);

insert into ADHERANT (ID_ADHERANT, NOM_ADHERANT, PRENOM_ADHERANT, ATE_NAISS_ADHERANT, ADRESSE_ADHERANT, TEL_ADHERANT) values (2, '6PIX3HNYMJQR3CBQ3GFN0R1QMLPJ80', 'WWG9XMY1S3SON YBBTN4QS6K4PYUTX', '1854-1-23', 'NSGVNW70P9BYCVIGRQBS Y5F2JBOBX', 18);

insert into ADHERANT (ID_ADHERANT, NOM_ADHERANT, PRENOM_ADHERANT, ATE_NAISS_ADHERANT, ADRESSE_ADHERANT, TEL_ADHERANT) values (13, 'FM7IHOG0Q26OHWA9KN97V9Y84MFKA2', 'UVVGP94NY42SQLSFRJNQWWGW5Y6Y0A', '188-6-11', ' FHK97GP7733T EKYTJP8PQ4MPAIS ', 5);

insert into ADHERANT (ID_ADHERANT, NOM_ADHERANT, PRENOM_ADHERANT, ATE_NAISS_ADHERANT, ADRESSE_ADHERANT, TEL_ADHERANT) values (3, 'XYP7J2JAR QB3LXK532VOTY351WFFT', 'LSG8VSVCQU1LA7F4YQJ31D8BWEEGD0', '803-2-7', 'L0SWKWG162P4TGOP34QMLFNYGG4QV6', 2);

insert into ADHERANT (ID_ADHERANT, NOM_ADHERANT, PRENOM_ADHERANT, ATE_NAISS_ADHERANT, ADRESSE_ADHERANT, TEL_ADHERANT) values (15, 'NYOLJXE9GSUUAXOPV3E5HEGLCUAGVM', 'Q2UW6RBLWNGBPVRCHGK48MPILHGYKR', '556-9-27', 'VY4N GGCABK8G 5KKJTOHA30VY7 4S', 6);

insert into ADHERANT (ID_ADHERANT, NOM_ADHERANT, PRENOM_ADHERANT, ATE_NAISS_ADHERANT, ADRESSE_ADHERANT, TEL_ADHERANT) values (7, 'BGF9AYSTXDT9H9F6X4GXGVOVEHUEAF', 'O5FCSNWM9IS4EX1G0WN10F8CJQ BUA', '1485-10-16', 'XN6BEMN00JWC8W8R2SJU8Y36VCFQ9W', 9);

insert into ADHERANT (ID_ADHERANT, NOM_ADHERANT, PRENOM_ADHERANT, ATE_NAISS_ADHERANT, ADRESSE_ADHERANT, TEL_ADHERANT) values (6, 'ORYXBAIXCUTJGU90CFKEL162T67OUC', 'VJNP MY56DYI4R O8A0P1 65K0T16M', '1-1-1', 'ITBRV2YQ4SWKTH6VEILGEPT ANU2BS', 13);

insert into ADHERANT (ID_ADHERANT, NOM_ADHERANT, PRENOM_ADHERANT, ATE_NAISS_ADHERANT, ADRESSE_ADHERANT, TEL_ADHERANT) values (12, 'YEGLLL5C8RREF89WNUS0WJMQW 7DK6', 'VPPWJ9MQK71M9X VQQ OD5HJ0UAHBM', '326-8-10', 'PUKP6R00TIWXFG5XO FB2K6BR254G8', 15);

insert into ADHERANT (ID_ADHERANT, NOM_ADHERANT, PRENOM_ADHERANT, ATE_NAISS_ADHERANT, ADRESSE_ADHERANT, TEL_ADHERANT) values (17, '9FKGFXC47KTYG5N4JB6PWHID52B8GA', 'LHUGNV198TTJ5SKSDF6MVQT0EKNUN0', '1710-1-18', 'MJXOCYETUSXO86DQX3EAPVIV1KJ4EB', 17);

insert into ADHERANT (ID_ADHERANT, NOM_ADHERANT, PRENOM_ADHERANT, ATE_NAISS_ADHERANT, ADRESSE_ADHERANT, TEL_ADHERANT) values (19, 'YGYPKUAHJTIE60P7F6URRYVGM7Y4YH', 'K79A44BPFKCORO23VI92M6TJQ412LQ', '1294-4-22', '9M7G3UDDEKXL9UWKKH2PEVOCQJJT6I', 12);

insert into ADHERANT (ID_ADHERANT, NOM_ADHERANT, PRENOM_ADHERANT, ATE_NAISS_ADHERANT, ADRESSE_ADHERANT, TEL_ADHERANT) values (14, '8 L2G262EHOS4JJH68NY7APYXLJLAY', '9HVDTVRUQL3HCB1QH7QXPV2A6TWCMT', '1592-3-23', ' TDYWPWUVV64IDED6B08A17DDMCWBC', 4);

insert into ADHERANT (ID_ADHERANT, NOM_ADHERANT, PRENOM_ADHERANT, ATE_NAISS_ADHERANT, ADRESSE_ADHERANT, TEL_ADHERANT) values (11, '1XQ168XJEF7T9PLB 5E8FM83WFDCYC', '9SU469IW LG347KJY9NXCFPEC8F0B6', '1654-3-30', 'O88LSFFVYQXA1GIG1JLB4 OBBVW4QL', 16);

insert into ADMIN_BIBLIO (LOGIN_AD, PASSWORD_AD, NOM_AD, PRENOM_AD, DATE_NAISSANCE_AD) values ('I1A6MK7K', 'GBPSMNVI', 'U9E70QUUSX5VQ94TIR5U9IARL2I231', 'YCOBR9IG0T 0 DKCGBDYT1QS7C QNX', '1655-2-26');

insert into ADMIN_BIBLIO (LOGIN_AD, PASSWORD_AD, NOM_AD, PRENOM_AD, DATE_NAISSANCE_AD) values ('WXUDPFWQ', '41PIEGRT', 'D3W474H5G2LFLEXQDXJ0SAI1GM2A73', 'OAG1HW2N4BGMMWFKQTR5YVUFJFIYXE', '1342-9-16');

insert into ADMIN_BIBLIO (LOGIN_AD, PASSWORD_AD, NOM_AD, PRENOM_AD, DATE_NAISSANCE_AD) values ('FNXPFY11', 'TGP8G9HJ', 'N1XNDPB6XEBQDIS8LLSL UITLO62I6', 'REXQORI4RW8K4WHNMANVD1IV3M340I', '1101-8-8');

insert into ADMIN_BIBLIO (LOGIN_AD, PASSWORD_AD, NOM_AD, PRENOM_AD, DATE_NAISSANCE_AD) values ('KEJKE2US', 'SPAF1W1J', 'LCO5YLU4L0ROBL76XS84LD27TX VLR', 'WMAK82X7U8DARS0YD527WPX8C8KXBQ', '54-11-11');

insert into ADMIN_BIBLIO (LOGIN_AD, PASSWORD_AD, NOM_AD, PRENOM_AD, DATE_NAISSANCE_AD) values ('2DXHKYM2', '1R6JQQCQ', '28YWAQNBG6WJACL9QBQ3FJ8JM2JYWP', ' MPQT WIHTS034T3CND7PH2BOG943P', '445-4-13');

insert into ADMIN_BIBLIO (LOGIN_AD, PASSWORD_AD, NOM_AD, PRENOM_AD, DATE_NAISSANCE_AD) values ('3YUCB3I3', 'UYP20 2H', 'URE8EXNHFYFMW1U02VEOGJ6NOP DGG', 'SDD9WUW28 F4 6CVE62HGPWPDISAJ8', '1461-11-11');

insert into ADMIN_BIBLIO (LOGIN_AD, PASSWORD_AD, NOM_AD, PRENOM_AD, DATE_NAISSANCE_AD) values ('GNEF381G', '85UKT66A', 'GBVW4T4EUY9MJTD0SPFQ2TIRH9F4O3', 'YGBABIUHPQ57W2SMREQ2X8LU05SE6P', '1797-9-22');

insert into ADMIN_BIBLIO (LOGIN_AD, PASSWORD_AD, NOM_AD, PRENOM_AD, DATE_NAISSANCE_AD) values ('JL9UO2FN', 'JEVXAP4B', 'I YEJM2FPAXIYMGYTQTANNW7KS2CXB', 'RC5I3WM7X4DTRFE1F3ARHIQYB67HXF', '757-10-16');

insert into ADMIN_BIBLIO (LOGIN_AD, PASSWORD_AD, NOM_AD, PRENOM_AD, DATE_NAISSANCE_AD) values ('ALBVPCLV', 'LB889M2U', '9 0DEN9F7JORVL079HCBI1I5D5UHWL', '5629YW72RP0F7JJI6OKCIP02WM8E8U', '1712-9-10');

insert into ADMIN_BIBLIO (LOGIN_AD, PASSWORD_AD, NOM_AD, PRENOM_AD, DATE_NAISSANCE_AD) values ('DP5173K1', 'D S4XOTN', '4WMR6IWPLQV  AJ0RD4J 69VYBAOVP', 'D129AM83H E4D9OIRL5ACAU6OJL9NR', '704-9-15');

insert into ADMIN_BIBLIO (LOGIN_AD, PASSWORD_AD, NOM_AD, PRENOM_AD, DATE_NAISSANCE_AD) values ('9YX1GSO ', '4X68O4VX', 'VSMLY14GBSP1 94JP42Y2 MGE 0GA0', '4P1V7VRY70AI27SM7J8GQ 4 542 9C', '345-1-27');

insert into ADMIN_BIBLIO (LOGIN_AD, PASSWORD_AD, NOM_AD, PRENOM_AD, DATE_NAISSANCE_AD) values ('37STEJGY', ' 7LUYJ03', 'QOAFCVOQ IO9T5 QTV0P5YQG9NLSI5', 'OA9CF3MBM93QMMLQV7R2VTCEFFJILU', '153-3-1');

insert into ADMIN_BIBLIO (LOGIN_AD, PASSWORD_AD, NOM_AD, PRENOM_AD, DATE_NAISSANCE_AD) values ('BX32PGJO', '6Y6LTJNS', 'S587YB5S1OVRI6V6NYOIH5YBMKXHPC', '6NN1T0WQGY19H4K1NNKDWRISG4EN6M', '836-1-20');

insert into ADMIN_BIBLIO (LOGIN_AD, PASSWORD_AD, NOM_AD, PRENOM_AD, DATE_NAISSANCE_AD) values ('1TGSPKBO', 'DDL5U7S8', 'IT8G9TUDB3X5RDXQLX3UU5 RVL3EAV', 'GXDC2OVYTE72PFGBYD M FNRVN4XRW', '1-1-1');

insert into ADMIN_BIBLIO (LOGIN_AD, PASSWORD_AD, NOM_AD, PRENOM_AD, DATE_NAISSANCE_AD) values ('27EPKARY', 'UR7XC661', '3PA7FKIMN 16GBGSLA0EF1KJR0S6G9', 'HJKHFP5QEMI F8QWW0JNTABJKO3RLY', '203-7-23');

insert into ADMIN_BIBLIO (LOGIN_AD, PASSWORD_AD, NOM_AD, PRENOM_AD, DATE_NAISSANCE_AD) values ('G32G O8I', 'CC222VSX', '4KJ0GBUYQOXJY27 OQ5K9MI4QGRY6I', 'F1Q8RCDI85PMBWYM68O YKAFCTK6EE', '618-3-29');

insert into ADMIN_BIBLIO (LOGIN_AD, PASSWORD_AD, NOM_AD, PRENOM_AD, DATE_NAISSANCE_AD) values ('XI2HEEH2', '6JH5UGSU', 'DQRXFVKBC49TQPA4P197OT3DV5QWDO', 'TUXLK36I624C04FYCWXX5ICLP5P9LX', '1538-9-19');

insert into ADMIN_BIBLIO (LOGIN_AD, PASSWORD_AD, NOM_AD, PRENOM_AD, DATE_NAISSANCE_AD) values ('4JMIX4B7', 'NMFFJP3X', '7SCSBAGUD6N2A0BHGG690KO4BDV3EC', 'JBB LUYEVH7 T7NT5SAPN9RM8URDE2', '1233-1-11');

insert into ADMIN_BIBLIO (LOGIN_AD, PASSWORD_AD, NOM_AD, PRENOM_AD, DATE_NAISSANCE_AD) values ('YBQ6KWDP', 'T2BWFKMA', 'XF82VS3A0OJ8SO38D IUN71HBFTQL2', 'FT2IU2FGVW1RQY8992X1 0L9KQRQAN', '515-5-24');

insert into ADMIN_BIBLIO (LOGIN_AD, PASSWORD_AD, NOM_AD, PRENOM_AD, DATE_NAISSANCE_AD) values ('RK969E4Y', 'GNRBVAR2', 'B4WQSFIV1N39WVAGSMK3JVHQWXWJ51', 'A5S1WF9TYYA8HWSONUSEJ9HXJXS5R9', '985-4-15');

insert into LIVRE (ISBN, ID_AUTEUR, TITRE_LIVRE, LANGUE_LIVRE, NBRE_EXPLAIRE_LIVRE) values (14, 16, '5 9 LUAOUI8SIQJI7Y79FW3U7LOMC2', 'HVJTLFCNCH4FUVARGK3RNOVR4O7OY1', 0);

insert into LIVRE (ISBN, ID_AUTEUR, TITRE_LIVRE, LANGUE_LIVRE, NBRE_EXPLAIRE_LIVRE) values (13, 18, '25 H9DCQLRF4GFAY9P61YUAKPMCCRX', 'G0ARRA0KS3BV0OKNMK9UXN61ECW43I', 15);

insert into LIVRE (ISBN, ID_AUTEUR, TITRE_LIVRE, LANGUE_LIVRE, NBRE_EXPLAIRE_LIVRE) values (15, 11, 'JD97H6JFGOW5EIEUW1OS49PP6YDHWH', '0Q3W5K1IHXMP8B2L5 08R6EHEVXKDY', 1);

insert into LIVRE (ISBN, ID_AUTEUR, TITRE_LIVRE, LANGUE_LIVRE, NBRE_EXPLAIRE_LIVRE) values (1, 16, '2O8MI  M2OAXEVEMHKID6B4XGMLDEB', '2FRV4Y4Q8TV0GL0B8BLRA9VJC5W2W8', 19);

insert into LIVRE (ISBN, ID_AUTEUR, TITRE_LIVRE, LANGUE_LIVRE, NBRE_EXPLAIRE_LIVRE) values (16, 12, '63GMXG1T7XLX1V5RMR41B 7DECSFY8', 'IG0U5HU9 XMXJ CCD6IQUMFWXAMFAH', 14);

insert into LIVRE (ISBN, ID_AUTEUR, TITRE_LIVRE, LANGUE_LIVRE, NBRE_EXPLAIRE_LIVRE) values (11, 6, 'RLVJCWVBTVIYYLND99Y5 H9BV2FFTW', 'WD4DM3SM57B7L6GS0 T CJGIFD9YT2', 7);

insert into LIVRE (ISBN, ID_AUTEUR, TITRE_LIVRE, LANGUE_LIVRE, NBRE_EXPLAIRE_LIVRE) values (4, 10, 'HTBD6ADYCRAEHWKBTE6ITQJDJNE14I', 'EQYS9R4RB TA7S6B AD SLKFP9VIFQ', 17);

insert into LIVRE (ISBN, ID_AUTEUR, TITRE_LIVRE, LANGUE_LIVRE, NBRE_EXPLAIRE_LIVRE) values (6, 11, 'BJ1LMYBGVJ3QGXMWTI9VCRIHXA5DVG', 'V3SV945I3C8QR75TJ78ITC43QH5YB4', 2);

insert into LIVRE (ISBN, ID_AUTEUR, TITRE_LIVRE, LANGUE_LIVRE, NBRE_EXPLAIRE_LIVRE) values (12, 10, '3WOTQ03OETRG52MDQ2LFNUKBOO57VM', 'N W76UCBFBAD5EF1KKGN4OA34HLE6O', 11);

insert into LIVRE (ISBN, ID_AUTEUR, TITRE_LIVRE, LANGUE_LIVRE, NBRE_EXPLAIRE_LIVRE) values (7, 4, 'H7JTY8IEUTH6NLS616TS0H3L5EDTKG', '55JNY D7XNNN3LDTADXQY9SHOVLDVB', 12);

insert into LIVRE (ISBN, ID_AUTEUR, TITRE_LIVRE, LANGUE_LIVRE, NBRE_EXPLAIRE_LIVRE) values (5, 5, 'N5MPFO9KC63IWH2XKPKBCI90 0468D', 'TTCF9SXO2OTO15BMXT13ESV3659V5B', 5);

insert into LIVRE (ISBN, ID_AUTEUR, TITRE_LIVRE, LANGUE_LIVRE, NBRE_EXPLAIRE_LIVRE) values (0, 5, 'YWUBAXY1XQBL38710FQJ2WJE1SSO02', ' 0C5JLF5WYPCIBT9NBX54YUTAFB5VH', 6);

insert into LIVRE (ISBN, ID_AUTEUR, TITRE_LIVRE, LANGUE_LIVRE, NBRE_EXPLAIRE_LIVRE) values (18, 19, 'KWF3CJ7NEBNJIL1WKACSBGWGU337 W', 'GYYLEQG7J6HYAC GXA7C1FMU4JSRKB', 3);

insert into LIVRE (ISBN, ID_AUTEUR, TITRE_LIVRE, LANGUE_LIVRE, NBRE_EXPLAIRE_LIVRE) values (8, 13, 'AX1VCH 5R545LD1XN1FD8GJXDIJLCA', 'QPDI5EF83VUCJGYJ7GC4FK NSTINSP', 8);

insert into LIVRE (ISBN, ID_AUTEUR, TITRE_LIVRE, LANGUE_LIVRE, NBRE_EXPLAIRE_LIVRE) values (19, 13, 'RVCTSDDC9LRKK73YBCU809J6LXLF 2', '4CXK03HV1LWQRN5HLCRTMFGB9F5RVK', 9);

insert into LIVRE (ISBN, ID_AUTEUR, TITRE_LIVRE, LANGUE_LIVRE, NBRE_EXPLAIRE_LIVRE) values (17, 11, 'VJKKCLUK1N719JEE38FXDO672ODYRC', 'H7D4PCLLQUC4UJPC9P3RA8 XMTNEX7', 18);

insert into LIVRE (ISBN, ID_AUTEUR, TITRE_LIVRE, LANGUE_LIVRE, NBRE_EXPLAIRE_LIVRE) values (10, 13, 'L55SFK5SSOAKC44J4IVG2HA  N29AN', 'VYEFX1TE0RBAURBC6I365WBLBULWHQ', 16);

insert into LIVRE (ISBN, ID_AUTEUR, TITRE_LIVRE, LANGUE_LIVRE, NBRE_EXPLAIRE_LIVRE) values (9, 14, '22KBUS3TJ7YFYJANUI3DAI5XS1RNCD', 'MUM1J9GQLC5BMYYWVAAPVBT 9NXOLY', 10);

insert into LIVRE (ISBN, ID_AUTEUR, TITRE_LIVRE, LANGUE_LIVRE, NBRE_EXPLAIRE_LIVRE) values (2, 6, 'HKBPKP9LNUGUO22B8W5AV4SVJ338C4', 'KY1V 1EUU7JEYUX2VNLUEP0K4TRYDK', 13);

insert into LIVRE (ISBN, ID_AUTEUR, TITRE_LIVRE, LANGUE_LIVRE, NBRE_EXPLAIRE_LIVRE) values (3, 14, 'CY960U9S FQIQHQGT3CGO7FB1 4KN0', 'GTG6TL8SK69J8MR76B VLIHRIT MGL', 4);

insert into EMPRUNT (ID_EMPRUNT, ISBN, ID_ADHERANT, LOGIN_AD, DATE_DEBUT, DATE_FIN, NBRE_EMPRUNT) values (6, 1, 17, '9YX1GSO ', '693-1-6', '990-3-5', 13);

insert into EMPRUNT (ID_EMPRUNT, ISBN, ID_ADHERANT, LOGIN_AD, DATE_DEBUT, DATE_FIN, NBRE_EMPRUNT) values (0, 8, 4, 'I1A6MK7K', '461-11-7', '96-11-25', 8);

insert into EMPRUNT (ID_EMPRUNT, ISBN, ID_ADHERANT, LOGIN_AD, DATE_DEBUT, DATE_FIN, NBRE_EMPRUNT) values (9, 18, 17, 'WXUDPFWQ', '1455-9-19', '476-3-2', 4);

insert into EMPRUNT (ID_EMPRUNT, ISBN, ID_ADHERANT, LOGIN_AD, DATE_DEBUT, DATE_FIN, NBRE_EMPRUNT) values (7, 9, 12, '27EPKARY', '223-10-15', '312-6-8', 5);

insert into EMPRUNT (ID_EMPRUNT, ISBN, ID_ADHERANT, LOGIN_AD, DATE_DEBUT, DATE_FIN, NBRE_EMPRUNT) values (15, 1, 19, 'GNEF381G', '1504-5-7', '363-3-24', 10);

insert into EMPRUNT (ID_EMPRUNT, ISBN, ID_ADHERANT, LOGIN_AD, DATE_DEBUT, DATE_FIN, NBRE_EMPRUNT) values (19, 2, 6, 'FNXPFY11', '1039-7-10', '727-3-24', 19);

insert into EMPRUNT (ID_EMPRUNT, ISBN, ID_ADHERANT, LOGIN_AD, DATE_DEBUT, DATE_FIN, NBRE_EMPRUNT) values (8, 0, 5, 'G32G O8I', '1341-8-26', '876-7-25', 1);

insert into EMPRUNT (ID_EMPRUNT, ISBN, ID_ADHERANT, LOGIN_AD, DATE_DEBUT, DATE_FIN, NBRE_EMPRUNT) values (3, 18, 2, 'YBQ6KWDP', '985-4-24', '1658-3-18', 9);

insert into EMPRUNT (ID_EMPRUNT, ISBN, ID_ADHERANT, LOGIN_AD, DATE_DEBUT, DATE_FIN, NBRE_EMPRUNT) values (14, 1, 2, '1TGSPKBO', '1229-8-11', '613-8-12', 17);

insert into EMPRUNT (ID_EMPRUNT, ISBN, ID_ADHERANT, LOGIN_AD, DATE_DEBUT, DATE_FIN, NBRE_EMPRUNT) values (5, 18, 14, '27EPKARY', '359-9-21', '1760-8-24', 14);

insert into EMPRUNT (ID_EMPRUNT, ISBN, ID_ADHERANT, LOGIN_AD, DATE_DEBUT, DATE_FIN, NBRE_EMPRUNT) values (13, 17, 4, 'BX32PGJO', '621-6-22', '231-8-14', 3);

insert into EMPRUNT (ID_EMPRUNT, ISBN, ID_ADHERANT, LOGIN_AD, DATE_DEBUT, DATE_FIN, NBRE_EMPRUNT) values (16, 16, 4, 'JL9UO2FN', '870-7-29', '1211-8-12', 6);

insert into EMPRUNT (ID_EMPRUNT, ISBN, ID_ADHERANT, LOGIN_AD, DATE_DEBUT, DATE_FIN, NBRE_EMPRUNT) values (12, 11, 16, '9YX1GSO ', '273-10-2', '1487-6-21', 15);

insert into EMPRUNT (ID_EMPRUNT, ISBN, ID_ADHERANT, LOGIN_AD, DATE_DEBUT, DATE_FIN, NBRE_EMPRUNT) values (11, 1, 8, 'BX32PGJO', '1566-8-18', '1089-8-13', 2);

insert into EMPRUNT (ID_EMPRUNT, ISBN, ID_ADHERANT, LOGIN_AD, DATE_DEBUT, DATE_FIN, NBRE_EMPRUNT) values (2, 19, 9, 'DP5173K1', '809-11-27', '1-1-1', 16);

insert into EMPRUNT (ID_EMPRUNT, ISBN, ID_ADHERANT, LOGIN_AD, DATE_DEBUT, DATE_FIN, NBRE_EMPRUNT) values (17, 4, 15, 'WXUDPFWQ', '1674-8-7', '1820-5-22', 18);

insert into EMPRUNT (ID_EMPRUNT, ISBN, ID_ADHERANT, LOGIN_AD, DATE_DEBUT, DATE_FIN, NBRE_EMPRUNT) values (10, 1, 10, 'WXUDPFWQ', '122-10-6', '1918-3-4', 0);

insert into EMPRUNT (ID_EMPRUNT, ISBN, ID_ADHERANT, LOGIN_AD, DATE_DEBUT, DATE_FIN, NBRE_EMPRUNT) values (18, 4, 8, 'DP5173K1', '1107-1-30', '1547-3-26', 11);

insert into EMPRUNT (ID_EMPRUNT, ISBN, ID_ADHERANT, LOGIN_AD, DATE_DEBUT, DATE_FIN, NBRE_EMPRUNT) values (4, 8, 6, '1TGSPKBO', '1-1-1', '1348-7-1', 12);

insert into EMPRUNT (ID_EMPRUNT, ISBN, ID_ADHERANT, LOGIN_AD, DATE_DEBUT, DATE_FIN, NBRE_EMPRUNT) values (1, 2, 17, 'BX32PGJO', '558-4-4', '990-3-5', 7);

